date,n_obs,n_miss,nll,family,split,L,pattern
2019-04-03,80,3,0.44270774722099304,nb,chrono,6,p3_3miss
2019-04-08,80,3,0.36803317070007324,nb,chrono,6,p3_3miss
2019-04-09,80,3,0.3965977430343628,nb,chrono,6,p3_3miss
2019-05-01,80,3,0.2522876560688019,nb,chrono,6,p3_3miss
2019-05-03,80,3,0.24603191018104553,nb,chrono,6,p3_3miss
2019-05-04,80,3,0.23826850950717926,nb,chrono,6,p3_3miss
2019-05-14,80,3,0.2962757349014282,nb,chrono,6,p3_3miss
2019-06-11,80,3,0.49713850021362305,nb,chrono,6,p3_3miss
2019-06-18,80,3,0.611840546131134,nb,chrono,6,p3_3miss
2019-06-20,80,3,0.6019055247306824,nb,chrono,6,p3_3miss
2019-06-22,80,3,0.5393169522285461,nb,chrono,6,p3_3miss
2019-06-23,80,3,0.6221095323562622,nb,chrono,6,p3_3miss
2019-06-24,80,3,0.5770773887634277,nb,chrono,6,p3_3miss
2019-07-09,80,3,0.4745398163795471,nb,chrono,6,p3_3miss
2019-07-10,80,3,0.47253137826919556,nb,chrono,6,p3_3miss
2019-07-12,80,3,0.401468962430954,nb,chrono,6,p3_3miss
2019-07-19,80,3,0.43405547738075256,nb,chrono,6,p3_3miss
2019-07-20,80,3,0.4334316849708557,nb,chrono,6,p3_3miss
2019-07-21,80,3,0.4430238604545593,nb,chrono,6,p3_3miss
2019-07-22,52,31,0.3676721155643463,nb,chrono,6,p31_31miss
2019-07-23,52,31,0.4016396105289459,nb,chrono,6,p31_31miss
2019-07-25,80,3,0.5765727758407593,nb,chrono,6,p3_3miss
2019-07-26,80,3,0.5419557690620422,nb,chrono,6,p3_3miss
2019-07-27,52,31,0.3709525465965271,nb,chrono,6,p31_31miss
2019-07-30,52,31,0.3435766398906708,nb,chrono,6,p31_31miss
2019-07-31,52,31,0.3564814627170563,nb,chrono,6,p31_31miss
2019-08-01,52,31,0.3585411608219147,nb,chrono,6,p31_31miss
2019-08-02,52,31,0.3715011775493622,nb,chrono,6,p31_31miss
2019-08-03,52,31,0.37535929679870605,nb,chrono,6,p31_31miss
2019-08-04,52,31,0.3830927908420563,nb,chrono,6,p31_31miss
2019-08-05,52,31,0.35247373580932617,nb,chrono,6,p31_31miss
2019-08-06,52,31,0.37435808777809143,nb,chrono,6,p31_31miss
2019-12-02,80,3,0.2240297645330429,nb,chrono,6,p3_3miss
2019-12-08,80,3,0.21327920258045197,nb,chrono,6,p3_3miss
2019-12-19,80,3,0.17855285108089447,nb,chrono,6,p3_3miss
2019-12-27,80,3,0.1477499008178711,nb,chrono,6,p3_3miss
2020-01-01,80,3,0.13875983655452728,nb,chrono,6,p3_3miss
2020-01-18,29,54,0.12414328008890152,nb,chrono,6,p54_54miss
2020-01-19,29,54,0.11335216462612152,nb,chrono,6,p54_54miss
2020-01-20,29,54,0.12143132835626602,nb,chrono,6,p54_54miss
2020-01-21,29,54,0.11863205581903458,nb,chrono,6,p54_54miss
2020-04-08,80,3,0.42156004905700684,nb,chrono,6,p3_3miss
2020-04-09,80,3,0.36707767844200134,nb,chrono,6,p3_3miss
2020-04-10,80,3,0.3535144627094269,nb,chrono,6,p3_3miss
2020-04-11,80,3,0.34512221813201904,nb,chrono,6,p3_3miss
2020-04-12,80,3,0.29277053475379944,nb,chrono,6,p3_3miss
2020-04-13,80,3,0.28387895226478577,nb,chrono,6,p3_3miss
2020-04-14,80,3,0.316913902759552,nb,chrono,6,p3_3miss
2020-04-19,80,3,0.24018600583076477,nb,chrono,6,p3_3miss
2020-04-23,80,3,0.22681580483913422,nb,chrono,6,p3_3miss
2020-04-25,80,3,0.22369864583015442,nb,chrono,6,p3_3miss
2020-04-27,80,3,0.2289735972881317,nb,chrono,6,p3_3miss
2020-05-03,80,3,0.22407253086566925,nb,chrono,6,p3_3miss
2020-05-08,80,3,0.237812802195549,nb,chrono,6,p3_3miss
2020-05-09,80,3,0.22993776202201843,nb,chrono,6,p3_3miss
2020-05-12,80,3,0.2557849586009979,nb,chrono,6,p3_3miss
2020-05-13,80,3,0.25985708832740784,nb,chrono,6,p3_3miss
2020-05-19,80,3,0.28754928708076477,nb,chrono,6,p3_3miss
2020-05-22,80,3,0.3059726357460022,nb,chrono,6,p3_3miss
2020-05-27,80,3,0.4117385447025299,nb,chrono,6,p3_3miss
2020-05-28,80,3,0.41122332215309143,nb,chrono,6,p3_3miss
2020-06-07,80,3,0.38345322012901306,nb,chrono,6,p3_3miss
2020-06-09,80,3,0.381864994764328,nb,chrono,6,p3_3miss
2020-06-11,80,3,0.45075029134750366,nb,chrono,6,p3_3miss
2020-06-16,80,3,0.6311831474304199,nb,chrono,6,p3_3miss
2020-06-28,80,3,0.4794747829437256,nb,chrono,6,p3_3miss
2020-07-16,80,3,0.43359842896461487,nb,chrono,6,p3_3miss
2020-07-24,80,3,0.41246500611305237,nb,chrono,6,p3_3miss
2020-08-03,80,3,0.3714481592178345,nb,chrono,6,p3_3miss
2020-08-07,80,3,0.41899916529655457,nb,chrono,6,p3_3miss
2020-08-09,80,3,0.34446147084236145,nb,chrono,6,p3_3miss
2020-08-12,80,3,0.40415236353874207,nb,chrono,6,p3_3miss
2020-08-15,80,3,0.37762054800987244,nb,chrono,6,p3_3miss
2020-12-03,80,3,0.19245776534080505,nb,chrono,6,p3_3miss
2020-12-12,80,3,0.18609680235385895,nb,chrono,6,p3_3miss
2021-05-04,80,3,0.2523368299007416,nb,chrono,6,p3_3miss
2021-05-13,80,3,0.2491171807050705,nb,chrono,6,p3_3miss
2021-05-14,80,3,0.23085284233093262,nb,chrono,6,p3_3miss
2021-06-06,80,3,0.4454704821109772,nb,chrono,6,p3_3miss
2021-06-14,80,3,0.5495484471321106,nb,chrono,6,p3_3miss
2021-07-04,80,3,0.4541841745376587,nb,chrono,6,p3_3miss
2021-07-05,80,3,0.4917415380477905,nb,chrono,6,p3_3miss
2022-03-31,80,3,0.37088245153427124,nb,chrono,6,p3_3miss
2022-04-05,80,3,0.3445284068584442,nb,chrono,6,p3_3miss
2022-04-06,80,3,0.34154635667800903,nb,chrono,6,p3_3miss
2022-04-14,80,3,0.2550753653049469,nb,chrono,6,p3_3miss
2022-04-15,80,3,0.25947195291519165,nb,chrono,6,p3_3miss
2022-04-16,80,3,0.2742067575454712,nb,chrono,6,p3_3miss
2022-04-18,80,3,0.2648303508758545,nb,chrono,6,p3_3miss
2022-04-23,80,3,0.3609596788883209,nb,chrono,6,p3_3miss
2022-04-26,80,3,0.3119491934776306,nb,chrono,6,p3_3miss
2022-04-27,80,3,0.2887279689311981,nb,chrono,6,p3_3miss
2022-04-28,80,3,0.2757634222507477,nb,chrono,6,p3_3miss
2022-04-29,80,3,0.2858714163303375,nb,chrono,6,p3_3miss
2022-05-02,80,3,0.30484962463378906,nb,chrono,6,p3_3miss
2022-05-03,80,3,0.26939770579338074,nb,chrono,6,p3_3miss
2022-05-07,80,3,0.3410443067550659,nb,chrono,6,p3_3miss
2022-05-10,80,3,0.36626672744750977,nb,chrono,6,p3_3miss
2022-05-14,80,3,0.35464903712272644,nb,chrono,6,p3_3miss
2022-05-17,80,3,0.39549779891967773,nb,chrono,6,p3_3miss
2022-06-06,80,3,0.5632319450378418,nb,chrono,6,p3_3miss
2022-06-26,80,3,0.5673190355300903,nb,chrono,6,p3_3miss
2022-06-29,80,3,0.5772311091423035,nb,chrono,6,p3_3miss
2022-06-30,80,3,0.6358625888824463,nb,chrono,6,p3_3miss
2022-07-01,80,3,0.6165634989738464,nb,chrono,6,p3_3miss
2022-07-07,80,3,0.5731315016746521,nb,chrono,6,p3_3miss
2022-07-19,80,3,0.6298640966415405,nb,chrono,6,p3_3miss
2022-10-01,52,31,0.8003069162368774,nb,chrono,6,p31_31miss
2022-10-02,52,31,0.7749812006950378,nb,chrono,6,p31_31miss
2022-10-03,52,31,0.7711939811706543,nb,chrono,6,p31_31miss
2022-10-04,52,31,0.7688113451004028,nb,chrono,6,p31_31miss
2022-10-05,52,31,0.7522071003913879,nb,chrono,6,p31_31miss
2022-10-06,52,31,0.7339292764663696,nb,chrono,6,p31_31miss
2022-10-07,52,31,0.7334235310554504,nb,chrono,6,p31_31miss
2022-10-08,52,31,0.7255600690841675,nb,chrono,6,p31_31miss
2022-10-09,52,31,0.6294141411781311,nb,chrono,6,p31_31miss
2022-10-10,52,31,0.5873957872390747,nb,chrono,6,p31_31miss
2022-10-11,52,31,0.5661592483520508,nb,chrono,6,p31_31miss
2022-10-12,52,31,0.5684589147567749,nb,chrono,6,p31_31miss
2022-10-13,52,31,0.5358768105506897,nb,chrono,6,p31_31miss
2022-10-14,52,31,0.535975992679596,nb,chrono,6,p31_31miss
2022-10-15,52,31,0.49538856744766235,nb,chrono,6,p31_31miss
2022-10-16,52,31,0.4801197350025177,nb,chrono,6,p31_31miss
2022-10-17,52,31,0.49196210503578186,nb,chrono,6,p31_31miss
2022-10-18,52,31,0.4737098515033722,nb,chrono,6,p31_31miss
2022-10-19,52,31,0.4795242249965668,nb,chrono,6,p31_31miss
2022-10-20,52,31,0.47026023268699646,nb,chrono,6,p31_31miss
2022-10-21,52,31,0.4732632339000702,nb,chrono,6,p31_31miss
2022-10-22,52,31,0.47017964720726013,nb,chrono,6,p31_31miss
2022-10-23,52,31,0.43739593029022217,nb,chrono,6,p31_31miss
2022-10-24,52,31,0.4396001398563385,nb,chrono,6,p31_31miss
2022-10-25,52,31,0.4658454358577728,nb,chrono,6,p31_31miss
2022-10-26,52,31,0.44028541445732117,nb,chrono,6,p31_31miss
2022-10-27,52,31,0.4525495767593384,nb,chrono,6,p31_31miss
2022-10-28,52,31,0.44630447030067444,nb,chrono,6,p31_31miss
2022-10-29,52,31,0.4216333329677582,nb,chrono,6,p31_31miss
2022-10-30,52,31,0.4186670482158661,nb,chrono,6,p31_31miss
2022-10-31,52,31,0.442545622587204,nb,chrono,6,p31_31miss
2022-12-10,52,31,0.18424540758132935,nb,chrono,6,p31_31miss
2023-06-01,80,3,0.1653134524822235,nb,chrono,6,p3_3miss
2023-07-07,80,3,0.7626708745956421,nb,chrono,6,p3_3miss
2023-07-10,80,3,0.6068266034126282,nb,chrono,6,p3_3miss
2023-07-13,80,3,0.4774903357028961,nb,chrono,6,p3_3miss
2023-07-18,80,3,0.31837812066078186,nb,chrono,6,p3_3miss
2023-07-23,80,3,0.49342653155326843,nb,chrono,6,p3_3miss
2023-08-26,80,3,0.5526068806648254,nb,chrono,6,p3_3miss
2024-02-17,29,54,0.395894855260849,nb,chrono,6,p54_54miss
2024-02-18,29,54,0.5649826526641846,nb,chrono,6,p54_54miss
2024-02-19,29,54,0.37977319955825806,nb,chrono,6,p54_54miss
2024-02-20,29,54,0.45746368169784546,nb,chrono,6,p54_54miss
2024-02-21,29,54,0.6874144077301025,nb,chrono,6,p54_54miss
2024-02-22,29,54,0.6107963919639587,nb,chrono,6,p54_54miss
2024-04-06,80,3,0.27274033427238464,nb,chrono,6,p3_3miss
2024-04-07,80,3,0.25731605291366577,nb,chrono,6,p3_3miss
2024-04-14,80,3,0.24681681394577026,nb,chrono,6,p3_3miss
2024-04-18,29,54,0.246860072016716,nb,chrono,6,p54_54miss
2024-04-19,29,54,0.2380000650882721,nb,chrono,6,p54_54miss
2024-04-20,29,54,0.285334050655365,nb,chrono,6,p54_54miss
2024-08-12,80,3,0.4188626706600189,nb,chrono,6,p3_3miss
2024-08-15,80,3,0.46512237191200256,nb,chrono,6,p3_3miss
2019-04-03,80,3,0.43934160470962524,nb,shuffled,8,p3_3miss
2019-04-08,80,3,0.3736964464187622,nb,shuffled,8,p3_3miss
2019-04-09,80,3,0.38000068068504333,nb,shuffled,8,p3_3miss
2019-05-01,80,3,0.24940097332000732,nb,shuffled,8,p3_3miss
2019-05-03,80,3,0.23894034326076508,nb,shuffled,8,p3_3miss
2019-05-04,80,3,0.23168443143367767,nb,shuffled,8,p3_3miss
2019-05-14,80,3,0.29606276750564575,nb,shuffled,8,p3_3miss
2019-06-11,80,3,0.5061799883842468,nb,shuffled,8,p3_3miss
2019-06-18,80,3,0.5875640511512756,nb,shuffled,8,p3_3miss
2019-06-20,80,3,0.6005443334579468,nb,shuffled,8,p3_3miss
2019-06-22,80,3,0.5410292148590088,nb,shuffled,8,p3_3miss
2019-06-23,80,3,0.6100634336471558,nb,shuffled,8,p3_3miss
2019-06-24,80,3,0.55724036693573,nb,shuffled,8,p3_3miss
2019-07-09,80,3,0.43065810203552246,nb,shuffled,8,p3_3miss
2019-07-10,80,3,0.433082640171051,nb,shuffled,8,p3_3miss
2019-07-12,80,3,0.39459916949272156,nb,shuffled,8,p3_3miss
2019-07-19,80,3,0.44325828552246094,nb,shuffled,8,p3_3miss
2019-07-20,80,3,0.4412803649902344,nb,shuffled,8,p3_3miss
2019-07-21,80,3,0.444505900144577,nb,shuffled,8,p3_3miss
2019-07-22,52,31,0.3440844416618347,nb,shuffled,8,p31_31miss
2019-07-23,52,31,0.38634055852890015,nb,shuffled,8,p31_31miss
2019-07-25,80,3,0.5808747410774231,nb,shuffled,8,p3_3miss
2019-07-26,80,3,0.513795793056488,nb,shuffled,8,p3_3miss
2019-07-27,52,31,0.3518483638763428,nb,shuffled,8,p31_31miss
2019-07-30,52,31,0.3205789029598236,nb,shuffled,8,p31_31miss
2019-07-31,52,31,0.3339967131614685,nb,shuffled,8,p31_31miss
2019-08-01,52,31,0.33858823776245117,nb,shuffled,8,p31_31miss
2019-08-02,52,31,0.3540201783180237,nb,shuffled,8,p31_31miss
2019-08-03,52,31,0.3564276099205017,nb,shuffled,8,p31_31miss
2019-08-04,52,31,0.3650466203689575,nb,shuffled,8,p31_31miss
2019-08-05,52,31,0.3282921612262726,nb,shuffled,8,p31_31miss
2019-08-06,52,31,0.3509722352027893,nb,shuffled,8,p31_31miss
2019-12-02,80,3,0.23060989379882812,nb,shuffled,8,p3_3miss
2019-12-08,80,3,0.21903279423713684,nb,shuffled,8,p3_3miss
2019-12-19,80,3,0.17287179827690125,nb,shuffled,8,p3_3miss
2019-12-27,80,3,0.14402712881565094,nb,shuffled,8,p3_3miss
2020-01-01,80,3,0.1341516077518463,nb,shuffled,8,p3_3miss
2020-01-18,29,54,0.11851972341537476,nb,shuffled,8,p54_54miss
2020-01-19,29,54,0.10687940567731857,nb,shuffled,8,p54_54miss
2020-01-20,29,54,0.11609523743391037,nb,shuffled,8,p54_54miss
2020-01-21,29,54,0.11301188915967941,nb,shuffled,8,p54_54miss
2020-04-08,80,3,0.4041254222393036,nb,shuffled,8,p3_3miss
2020-04-09,80,3,0.3437945246696472,nb,shuffled,8,p3_3miss
2020-04-10,80,3,0.3337325155735016,nb,shuffled,8,p3_3miss
2020-04-11,80,3,0.3224688172340393,nb,shuffled,8,p3_3miss
2020-04-12,80,3,0.29683324694633484,nb,shuffled,8,p3_3miss
2020-04-13,80,3,0.28950533270835876,nb,shuffled,8,p3_3miss
2020-04-14,80,3,0.317570298910141,nb,shuffled,8,p3_3miss
2020-04-19,80,3,0.24408532679080963,nb,shuffled,8,p3_3miss
2020-04-23,80,3,0.22338645160198212,nb,shuffled,8,p3_3miss
2020-04-25,80,3,0.21227715909481049,nb,shuffled,8,p3_3miss
2020-04-27,80,3,0.21997161209583282,nb,shuffled,8,p3_3miss
2020-05-03,80,3,0.21269145607948303,nb,shuffled,8,p3_3miss
2020-05-08,80,3,0.22525203227996826,nb,shuffled,8,p3_3miss
2020-05-09,80,3,0.21815037727355957,nb,shuffled,8,p3_3miss
2020-05-12,80,3,0.24166758358478546,nb,shuffled,8,p3_3miss
2020-05-13,80,3,0.2489626705646515,nb,shuffled,8,p3_3miss
2020-05-19,80,3,0.27992522716522217,nb,shuffled,8,p3_3miss
2020-05-22,80,3,0.2996770739555359,nb,shuffled,8,p3_3miss
2020-05-27,80,3,0.3859023451805115,nb,shuffled,8,p3_3miss
2020-05-28,80,3,0.41885024309158325,nb,shuffled,8,p3_3miss
2020-06-07,80,3,0.361227422952652,nb,shuffled,8,p3_3miss
2020-06-09,80,3,0.3575194478034973,nb,shuffled,8,p3_3miss
2020-06-11,80,3,0.465624064207077,nb,shuffled,8,p3_3miss
2020-06-16,80,3,0.6413116455078125,nb,shuffled,8,p3_3miss
2020-06-28,80,3,0.460722953081131,nb,shuffled,8,p3_3miss
2020-07-16,80,3,0.42226332426071167,nb,shuffled,8,p3_3miss
2020-07-24,80,3,0.4107663333415985,nb,shuffled,8,p3_3miss
2020-08-03,80,3,0.36198922991752625,nb,shuffled,8,p3_3miss
2020-08-07,80,3,0.416829913854599,nb,shuffled,8,p3_3miss
2020-08-09,80,3,0.3340180814266205,nb,shuffled,8,p3_3miss
2020-08-12,80,3,0.3899414837360382,nb,shuffled,8,p3_3miss
2020-08-15,80,3,0.3801722526550293,nb,shuffled,8,p3_3miss
2020-12-03,80,3,0.1886162906885147,nb,shuffled,8,p3_3miss
2020-12-12,80,3,0.18077659606933594,nb,shuffled,8,p3_3miss
2021-05-04,80,3,0.24858519434928894,nb,shuffled,8,p3_3miss
2021-05-13,80,3,0.2541649043560028,nb,shuffled,8,p3_3miss
2021-05-14,80,3,0.24841737747192383,nb,shuffled,8,p3_3miss
2021-06-06,80,3,0.44954410195350647,nb,shuffled,8,p3_3miss
2021-06-14,80,3,0.5037526488304138,nb,shuffled,8,p3_3miss
2021-07-04,80,3,0.4241905212402344,nb,shuffled,8,p3_3miss
2021-07-05,80,3,0.4520799219608307,nb,shuffled,8,p3_3miss
2022-03-31,80,3,0.3797188401222229,nb,shuffled,8,p3_3miss
2022-04-05,80,3,0.3599613904953003,nb,shuffled,8,p3_3miss
2022-04-06,80,3,0.36075565218925476,nb,shuffled,8,p3_3miss
2022-04-14,80,3,0.25365203619003296,nb,shuffled,8,p3_3miss
2022-04-15,80,3,0.2664014995098114,nb,shuffled,8,p3_3miss
2022-04-16,80,3,0.27388980984687805,nb,shuffled,8,p3_3miss
2022-04-18,80,3,0.2587343454360962,nb,shuffled,8,p3_3miss
2022-04-23,80,3,0.3538385331630707,nb,shuffled,8,p3_3miss
2022-04-26,80,3,0.3044392168521881,nb,shuffled,8,p3_3miss
2022-04-27,80,3,0.28178074955940247,nb,shuffled,8,p3_3miss
2022-04-28,80,3,0.2691323757171631,nb,shuffled,8,p3_3miss
2022-04-29,80,3,0.2835538387298584,nb,shuffled,8,p3_3miss
2022-05-02,80,3,0.2794837951660156,nb,shuffled,8,p3_3miss
2022-05-03,80,3,0.24489586055278778,nb,shuffled,8,p3_3miss
2022-05-07,80,3,0.32147568464279175,nb,shuffled,8,p3_3miss
2022-05-10,80,3,0.33386126160621643,nb,shuffled,8,p3_3miss
2022-05-14,80,3,0.3408758044242859,nb,shuffled,8,p3_3miss
2022-05-17,80,3,0.3491688370704651,nb,shuffled,8,p3_3miss
2022-06-06,80,3,0.5032456517219543,nb,shuffled,8,p3_3miss
2022-06-26,80,3,0.5440331697463989,nb,shuffled,8,p3_3miss
2022-06-29,80,3,0.5479121208190918,nb,shuffled,8,p3_3miss
2022-06-30,80,3,0.5812637805938721,nb,shuffled,8,p3_3miss
2022-07-01,80,3,0.5847561359405518,nb,shuffled,8,p3_3miss
2022-07-07,80,3,0.5418789386749268,nb,shuffled,8,p3_3miss
2022-07-19,80,3,0.6523363590240479,nb,shuffled,8,p3_3miss
2022-10-01,52,31,0.7872528433799744,nb,shuffled,8,p31_31miss
2022-10-02,52,31,0.769335150718689,nb,shuffled,8,p31_31miss
2022-10-03,52,31,0.7644453048706055,nb,shuffled,8,p31_31miss
2022-10-04,52,31,0.7674741744995117,nb,shuffled,8,p31_31miss
2022-10-05,52,31,0.7512965202331543,nb,shuffled,8,p31_31miss
2022-10-06,52,31,0.734178364276886,nb,shuffled,8,p31_31miss
2022-10-07,52,31,0.7394680380821228,nb,shuffled,8,p31_31miss
2022-10-08,52,31,0.7130805850028992,nb,shuffled,8,p31_31miss
2022-10-09,52,31,0.636240541934967,nb,shuffled,8,p31_31miss
2022-10-10,52,31,0.6089752912521362,nb,shuffled,8,p31_31miss
2022-10-11,52,31,0.5886679887771606,nb,shuffled,8,p31_31miss
2022-10-12,52,31,0.5885748267173767,nb,shuffled,8,p31_31miss
2022-10-13,52,31,0.5512731671333313,nb,shuffled,8,p31_31miss
2022-10-14,52,31,0.5455998778343201,nb,shuffled,8,p31_31miss
2022-10-15,52,31,0.5024682283401489,nb,shuffled,8,p31_31miss
2022-10-16,52,31,0.49111878871917725,nb,shuffled,8,p31_31miss
2022-10-17,52,31,0.5039838552474976,nb,shuffled,8,p31_31miss
2022-10-18,52,31,0.4800546169281006,nb,shuffled,8,p31_31miss
2022-10-19,52,31,0.4863623082637787,nb,shuffled,8,p31_31miss
2022-10-20,52,31,0.47383642196655273,nb,shuffled,8,p31_31miss
2022-10-21,52,31,0.5005321502685547,nb,shuffled,8,p31_31miss
2022-10-22,52,31,0.47771742939949036,nb,shuffled,8,p31_31miss
2022-10-23,52,31,0.438825398683548,nb,shuffled,8,p31_31miss
2022-10-24,52,31,0.43974244594573975,nb,shuffled,8,p31_31miss
2022-10-25,52,31,0.47727811336517334,nb,shuffled,8,p31_31miss
2022-10-26,52,31,0.44648483395576477,nb,shuffled,8,p31_31miss
2022-10-27,52,31,0.47142523527145386,nb,shuffled,8,p31_31miss
2022-10-28,52,31,0.4545538127422333,nb,shuffled,8,p31_31miss
2022-10-29,52,31,0.4166390895843506,nb,shuffled,8,p31_31miss
2022-10-30,52,31,0.4230249226093292,nb,shuffled,8,p31_31miss
2022-10-31,52,31,0.4276740252971649,nb,shuffled,8,p31_31miss
2022-12-10,52,31,0.17793799936771393,nb,shuffled,8,p31_31miss
2023-06-01,80,3,0.15454670786857605,nb,shuffled,8,p3_3miss
2023-07-07,80,3,0.7023995518684387,nb,shuffled,8,p3_3miss
2023-07-10,80,3,0.6083084940910339,nb,shuffled,8,p3_3miss
2023-07-13,80,3,0.45477232336997986,nb,shuffled,8,p3_3miss
2023-07-18,80,3,0.3040706217288971,nb,shuffled,8,p3_3miss
2023-07-23,80,3,0.4653888940811157,nb,shuffled,8,p3_3miss
2023-08-26,80,3,0.5432126522064209,nb,shuffled,8,p3_3miss
2024-02-17,29,54,0.4671534597873688,nb,shuffled,8,p54_54miss
2024-02-18,29,54,0.5688525438308716,nb,shuffled,8,p54_54miss
2024-02-19,29,54,0.4436585605144501,nb,shuffled,8,p54_54miss
2024-02-20,29,54,0.5304160714149475,nb,shuffled,8,p54_54miss
2024-02-21,29,54,0.6319368481636047,nb,shuffled,8,p54_54miss
2024-02-22,29,54,0.5561599731445312,nb,shuffled,8,p54_54miss
2024-04-06,80,3,0.267378568649292,nb,shuffled,8,p3_3miss
2024-04-07,80,3,0.24736598134040833,nb,shuffled,8,p3_3miss
2024-04-14,80,3,0.23575519025325775,nb,shuffled,8,p3_3miss
2024-04-18,29,54,0.2797767221927643,nb,shuffled,8,p54_54miss
2024-04-19,29,54,0.2538680136203766,nb,shuffled,8,p54_54miss
2024-04-20,29,54,0.25733253359794617,nb,shuffled,8,p54_54miss
2024-08-12,80,3,0.41450339555740356,nb,shuffled,8,p3_3miss
2024-08-15,80,3,0.42418235540390015,nb,shuffled,8,p3_3miss
2019-04-03,80,3,0.5137948393821716,bernoulli_median,chrono,6,p3_3miss
2019-04-08,80,3,0.4493941068649292,bernoulli_median,chrono,6,p3_3miss
2019-04-09,80,3,0.4786677360534668,bernoulli_median,chrono,6,p3_3miss
2019-05-01,80,3,0.30563884973526,bernoulli_median,chrono,6,p3_3miss
2019-05-03,80,3,0.2899032235145569,bernoulli_median,chrono,6,p3_3miss
2019-05-04,80,3,0.28248727321624756,bernoulli_median,chrono,6,p3_3miss
2019-05-14,80,3,0.45634809136390686,bernoulli_median,chrono,6,p3_3miss
2019-06-11,80,3,0.4512309432029724,bernoulli_median,chrono,6,p3_3miss
2019-06-18,80,3,0.5577457547187805,bernoulli_median,chrono,6,p3_3miss
2019-06-20,80,3,0.45539289712905884,bernoulli_median,chrono,6,p3_3miss
2019-06-22,80,3,0.5089341402053833,bernoulli_median,chrono,6,p3_3miss
2019-06-23,80,3,0.5287811756134033,bernoulli_median,chrono,6,p3_3miss
2019-06-24,80,3,0.5165258049964905,bernoulli_median,chrono,6,p3_3miss
2019-07-09,80,3,0.41711220145225525,bernoulli_median,chrono,6,p3_3miss
2019-07-10,80,3,0.4602378010749817,bernoulli_median,chrono,6,p3_3miss
2019-07-12,80,3,0.46470919251441956,bernoulli_median,chrono,6,p3_3miss
2019-07-19,80,3,0.514244794845581,bernoulli_median,chrono,6,p3_3miss
2019-07-20,80,3,0.5186101198196411,bernoulli_median,chrono,6,p3_3miss
2019-07-21,80,3,0.5829442739486694,bernoulli_median,chrono,6,p3_3miss
2019-07-22,52,31,0.5953468084335327,bernoulli_median,chrono,6,p31_31miss
2019-07-23,52,31,0.533757746219635,bernoulli_median,chrono,6,p31_31miss
2019-07-25,80,3,0.64750075340271,bernoulli_median,chrono,6,p3_3miss
2019-07-26,80,3,0.6012201309204102,bernoulli_median,chrono,6,p3_3miss
2019-07-27,52,31,0.4869115352630615,bernoulli_median,chrono,6,p31_31miss
2019-07-30,52,31,0.5222441554069519,bernoulli_median,chrono,6,p31_31miss
2019-07-31,52,31,0.5805243849754333,bernoulli_median,chrono,6,p31_31miss
2019-08-01,52,31,0.6328663229942322,bernoulli_median,chrono,6,p31_31miss
2019-08-02,52,31,0.4468551576137543,bernoulli_median,chrono,6,p31_31miss
2019-08-03,52,31,0.5937634706497192,bernoulli_median,chrono,6,p31_31miss
2019-08-04,52,31,0.5760393142700195,bernoulli_median,chrono,6,p31_31miss
2019-08-05,52,31,0.6691495180130005,bernoulli_median,chrono,6,p31_31miss
2019-08-06,52,31,0.6990360021591187,bernoulli_median,chrono,6,p31_31miss
2019-12-02,80,3,0.4351041316986084,bernoulli_median,chrono,6,p3_3miss
2019-12-08,80,3,0.3943837583065033,bernoulli_median,chrono,6,p3_3miss
2019-12-19,80,3,0.3160784840583801,bernoulli_median,chrono,6,p3_3miss
2019-12-27,80,3,0.2854915261268616,bernoulli_median,chrono,6,p3_3miss
2020-01-01,80,3,0.19514432549476624,bernoulli_median,chrono,6,p3_3miss
2020-01-18,29,54,0.2904253602027893,bernoulli_median,chrono,6,p54_54miss
2020-01-19,29,54,0.24761135876178741,bernoulli_median,chrono,6,p54_54miss
2020-01-20,29,54,0.2209494411945343,bernoulli_median,chrono,6,p54_54miss
2020-01-21,29,54,0.2209494411945343,bernoulli_median,chrono,6,p54_54miss
2020-04-08,80,3,0.47476455569267273,bernoulli_median,chrono,6,p3_3miss
2020-04-09,80,3,0.4678732454776764,bernoulli_median,chrono,6,p3_3miss
2020-04-10,80,3,0.40957221388816833,bernoulli_median,chrono,6,p3_3miss
2020-04-11,80,3,0.31242042779922485,bernoulli_median,chrono,6,p3_3miss
2020-04-12,80,3,0.3455471098423004,bernoulli_median,chrono,6,p3_3miss
2020-04-13,80,3,0.3537002503871918,bernoulli_median,chrono,6,p3_3miss
2020-04-14,80,3,0.5191352963447571,bernoulli_median,chrono,6,p3_3miss
2020-04-19,80,3,0.32265007495880127,bernoulli_median,chrono,6,p3_3miss
2020-04-23,80,3,0.43058285117149353,bernoulli_median,chrono,6,p3_3miss
2020-04-25,80,3,0.3660562038421631,bernoulli_median,chrono,6,p3_3miss
2020-04-27,80,3,0.32223907113075256,bernoulli_median,chrono,6,p3_3miss
2020-05-03,80,3,0.3006807267665863,bernoulli_median,chrono,6,p3_3miss
2020-05-08,80,3,0.29731544852256775,bernoulli_median,chrono,6,p3_3miss
2020-05-09,80,3,0.35531237721443176,bernoulli_median,chrono,6,p3_3miss
2020-05-12,80,3,0.396921306848526,bernoulli_median,chrono,6,p3_3miss
2020-05-13,80,3,0.37859031558036804,bernoulli_median,chrono,6,p3_3miss
2020-05-19,80,3,0.4155809283256531,bernoulli_median,chrono,6,p3_3miss
2020-05-22,80,3,0.4307875633239746,bernoulli_median,chrono,6,p3_3miss
2020-05-27,80,3,0.4665154814720154,bernoulli_median,chrono,6,p3_3miss
2020-05-28,80,3,0.6195623874664307,bernoulli_median,chrono,6,p3_3miss
2020-06-07,80,3,0.44348517060279846,bernoulli_median,chrono,6,p3_3miss
2020-06-09,80,3,0.4622289836406708,bernoulli_median,chrono,6,p3_3miss
2020-06-11,80,3,0.5534120202064514,bernoulli_median,chrono,6,p3_3miss
2020-06-16,80,3,0.47650107741355896,bernoulli_median,chrono,6,p3_3miss
2020-06-28,80,3,0.5229756236076355,bernoulli_median,chrono,6,p3_3miss
2020-07-16,80,3,0.4402258098125458,bernoulli_median,chrono,6,p3_3miss
2020-07-24,80,3,0.4119221270084381,bernoulli_median,chrono,6,p3_3miss
2020-08-03,80,3,0.5369783043861389,bernoulli_median,chrono,6,p3_3miss
2020-08-07,80,3,0.4425326883792877,bernoulli_median,chrono,6,p3_3miss
2020-08-09,80,3,0.5590826869010925,bernoulli_median,chrono,6,p3_3miss
2020-08-12,80,3,0.424813449382782,bernoulli_median,chrono,6,p3_3miss
2020-08-15,80,3,0.5035833120346069,bernoulli_median,chrono,6,p3_3miss
2020-12-03,80,3,0.5518952012062073,bernoulli_median,chrono,6,p3_3miss
2020-12-12,80,3,0.32159608602523804,bernoulli_median,chrono,6,p3_3miss
2021-05-04,80,3,0.33298367261886597,bernoulli_median,chrono,6,p3_3miss
2021-05-13,80,3,0.32164266705513,bernoulli_median,chrono,6,p3_3miss
2021-05-14,80,3,0.31372013688087463,bernoulli_median,chrono,6,p3_3miss
2021-06-06,80,3,0.47639960050582886,bernoulli_median,chrono,6,p3_3miss
2021-06-14,80,3,0.6054641604423523,bernoulli_median,chrono,6,p3_3miss
2021-07-04,80,3,0.5332085490226746,bernoulli_median,chrono,6,p3_3miss
2021-07-05,80,3,0.648019015789032,bernoulli_median,chrono,6,p3_3miss
2022-03-31,80,3,0.4996376037597656,bernoulli_median,chrono,6,p3_3miss
2022-04-05,80,3,0.50443434715271,bernoulli_median,chrono,6,p3_3miss
2022-04-06,80,3,0.5252605080604553,bernoulli_median,chrono,6,p3_3miss
2022-04-14,80,3,0.3226807415485382,bernoulli_median,chrono,6,p3_3miss
2022-04-15,80,3,0.31245848536491394,bernoulli_median,chrono,6,p3_3miss
2022-04-16,80,3,0.2957293391227722,bernoulli_median,chrono,6,p3_3miss
2022-04-18,80,3,0.2678989768028259,bernoulli_median,chrono,6,p3_3miss
2022-04-23,80,3,0.27570778131484985,bernoulli_median,chrono,6,p3_3miss
2022-04-26,80,3,0.3058866858482361,bernoulli_median,chrono,6,p3_3miss
2022-04-27,80,3,0.3802904486656189,bernoulli_median,chrono,6,p3_3miss
2022-04-28,80,3,0.28936201333999634,bernoulli_median,chrono,6,p3_3miss
2022-04-29,80,3,0.3272494375705719,bernoulli_median,chrono,6,p3_3miss
2022-05-02,80,3,0.34734296798706055,bernoulli_median,chrono,6,p3_3miss
2022-05-03,80,3,0.33591943979263306,bernoulli_median,chrono,6,p3_3miss
2022-05-07,80,3,0.37008628249168396,bernoulli_median,chrono,6,p3_3miss
2022-05-10,80,3,0.43827059864997864,bernoulli_median,chrono,6,p3_3miss
2022-05-14,80,3,0.46059316396713257,bernoulli_median,chrono,6,p3_3miss
2022-05-17,80,3,0.3604525029659271,bernoulli_median,chrono,6,p3_3miss
2022-06-06,80,3,0.5281734466552734,bernoulli_median,chrono,6,p3_3miss
2022-06-26,80,3,0.5225877165794373,bernoulli_median,chrono,6,p3_3miss
2022-06-29,80,3,0.4325609803199768,bernoulli_median,chrono,6,p3_3miss
2022-06-30,80,3,0.4579783082008362,bernoulli_median,chrono,6,p3_3miss
2022-07-01,80,3,0.48375600576400757,bernoulli_median,chrono,6,p3_3miss
2022-07-07,80,3,0.4677704870700836,bernoulli_median,chrono,6,p3_3miss
2022-07-19,80,3,0.43806493282318115,bernoulli_median,chrono,6,p3_3miss
2022-10-01,52,31,0.5184201598167419,bernoulli_median,chrono,6,p31_31miss
2022-10-02,52,31,0.37583839893341064,bernoulli_median,chrono,6,p31_31miss
2022-10-03,52,31,0.46336671710014343,bernoulli_median,chrono,6,p31_31miss
2022-10-04,52,31,0.45583951473236084,bernoulli_median,chrono,6,p31_31miss
2022-10-05,52,31,0.5617353320121765,bernoulli_median,chrono,6,p31_31miss
2022-10-06,52,31,0.4835582673549652,bernoulli_median,chrono,6,p31_31miss
2022-10-07,52,31,0.5128458142280579,bernoulli_median,chrono,6,p31_31miss
2022-10-08,52,31,0.573185384273529,bernoulli_median,chrono,6,p31_31miss
2022-10-09,52,31,0.6230369210243225,bernoulli_median,chrono,6,p31_31miss
2022-10-10,52,31,0.5954452157020569,bernoulli_median,chrono,6,p31_31miss
2022-10-11,52,31,0.6260980367660522,bernoulli_median,chrono,6,p31_31miss
2022-10-12,52,31,0.7047923803329468,bernoulli_median,chrono,6,p31_31miss
2022-10-13,52,31,0.7509403824806213,bernoulli_median,chrono,6,p31_31miss
2022-10-14,52,31,0.755894124507904,bernoulli_median,chrono,6,p31_31miss
2022-10-15,52,31,0.6912356615066528,bernoulli_median,chrono,6,p31_31miss
2022-10-16,52,31,0.7045111060142517,bernoulli_median,chrono,6,p31_31miss
2022-10-17,52,31,0.7564995884895325,bernoulli_median,chrono,6,p31_31miss
2022-10-18,52,31,0.766438901424408,bernoulli_median,chrono,6,p31_31miss
2022-10-19,52,31,0.7636368274688721,bernoulli_median,chrono,6,p31_31miss
2022-10-20,52,31,0.7606331706047058,bernoulli_median,chrono,6,p31_31miss
2022-10-21,52,31,0.6594622731208801,bernoulli_median,chrono,6,p31_31miss
2022-10-22,52,31,0.8469633460044861,bernoulli_median,chrono,6,p31_31miss
2022-10-23,52,31,0.6038428544998169,bernoulli_median,chrono,6,p31_31miss
2022-10-24,52,31,0.6454643607139587,bernoulli_median,chrono,6,p31_31miss
2022-10-25,52,31,0.8308665156364441,bernoulli_median,chrono,6,p31_31miss
2022-10-26,52,31,0.7093713879585266,bernoulli_median,chrono,6,p31_31miss
2022-10-27,52,31,0.7733784914016724,bernoulli_median,chrono,6,p31_31miss
2022-10-28,52,31,0.6534595489501953,bernoulli_median,chrono,6,p31_31miss
2022-10-29,52,31,0.6698318123817444,bernoulli_median,chrono,6,p31_31miss
2022-10-30,52,31,0.6936364769935608,bernoulli_median,chrono,6,p31_31miss
2022-10-31,52,31,0.6589637398719788,bernoulli_median,chrono,6,p31_31miss
2022-12-10,52,31,0.2753799259662628,bernoulli_median,chrono,6,p31_31miss
2023-06-01,80,3,0.4718213677406311,bernoulli_median,chrono,6,p3_3miss
2023-07-07,80,3,0.5722774267196655,bernoulli_median,chrono,6,p3_3miss
2023-07-10,80,3,0.522919774055481,bernoulli_median,chrono,6,p3_3miss
2023-07-13,80,3,0.5064984560012817,bernoulli_median,chrono,6,p3_3miss
2023-07-18,80,3,0.5572277903556824,bernoulli_median,chrono,6,p3_3miss
2023-07-23,80,3,0.4432010054588318,bernoulli_median,chrono,6,p3_3miss
2023-08-26,80,3,0.4220060706138611,bernoulli_median,chrono,6,p3_3miss
2024-02-17,29,54,0.730224072933197,bernoulli_median,chrono,6,p54_54miss
2024-02-18,29,54,0.7106112241744995,bernoulli_median,chrono,6,p54_54miss
2024-02-19,29,54,0.3711134195327759,bernoulli_median,chrono,6,p54_54miss
2024-02-20,29,54,0.8045727610588074,bernoulli_median,chrono,6,p54_54miss
2024-02-21,29,54,0.9277999401092529,bernoulli_median,chrono,6,p54_54miss
2024-02-22,29,54,0.9064329266548157,bernoulli_median,chrono,6,p54_54miss
2024-04-06,80,3,0.3312188684940338,bernoulli_median,chrono,6,p3_3miss
2024-04-07,80,3,0.45084837079048157,bernoulli_median,chrono,6,p3_3miss
2024-04-14,80,3,0.34501010179519653,bernoulli_median,chrono,6,p3_3miss
2024-04-18,29,54,0.49755340814590454,bernoulli_median,chrono,6,p54_54miss
2024-04-19,29,54,0.5843206644058228,bernoulli_median,chrono,6,p54_54miss
2024-04-20,29,54,0.5686120986938477,bernoulli_median,chrono,6,p54_54miss
2024-08-12,80,3,0.4531559646129608,bernoulli_median,chrono,6,p3_3miss
2024-08-15,80,3,0.4051066040992737,bernoulli_median,chrono,6,p3_3miss
2019-04-03,80,3,0.4846391975879669,bernoulli_median,shuffled,8,p3_3miss
2019-04-08,80,3,0.4387354254722595,bernoulli_median,shuffled,8,p3_3miss
2019-04-09,80,3,0.472358763217926,bernoulli_median,shuffled,8,p3_3miss
2019-05-01,80,3,0.2908444404602051,bernoulli_median,shuffled,8,p3_3miss
2019-05-03,80,3,0.2836080491542816,bernoulli_median,shuffled,8,p3_3miss
2019-05-04,80,3,0.2760862410068512,bernoulli_median,shuffled,8,p3_3miss
2019-05-14,80,3,0.5166814923286438,bernoulli_median,shuffled,8,p3_3miss
2019-06-11,80,3,0.4721137583255768,bernoulli_median,shuffled,8,p3_3miss
2019-06-18,80,3,0.5026909708976746,bernoulli_median,shuffled,8,p3_3miss
2019-06-20,80,3,0.39389801025390625,bernoulli_median,shuffled,8,p3_3miss
2019-06-22,80,3,0.436685174703598,bernoulli_median,shuffled,8,p3_3miss
2019-06-23,80,3,0.4570664167404175,bernoulli_median,shuffled,8,p3_3miss
2019-06-24,80,3,0.455655574798584,bernoulli_median,shuffled,8,p3_3miss
2019-07-09,80,3,0.43097320199012756,bernoulli_median,shuffled,8,p3_3miss
2019-07-10,80,3,0.4282588064670563,bernoulli_median,shuffled,8,p3_3miss
2019-07-12,80,3,0.4534010887145996,bernoulli_median,shuffled,8,p3_3miss
2019-07-19,80,3,0.4621007442474365,bernoulli_median,shuffled,8,p3_3miss
2019-07-20,80,3,0.5306892395019531,bernoulli_median,shuffled,8,p3_3miss
2019-07-21,80,3,0.6477178931236267,bernoulli_median,shuffled,8,p3_3miss
2019-07-22,52,31,0.49715712666511536,bernoulli_median,shuffled,8,p31_31miss
2019-07-23,52,31,0.4517476260662079,bernoulli_median,shuffled,8,p31_31miss
2019-07-25,80,3,0.6960002183914185,bernoulli_median,shuffled,8,p3_3miss
2019-07-26,80,3,0.6364931464195251,bernoulli_median,shuffled,8,p3_3miss
2019-07-27,52,31,0.369526743888855,bernoulli_median,shuffled,8,p31_31miss
2019-07-30,52,31,0.5364181995391846,bernoulli_median,shuffled,8,p31_31miss
2019-07-31,52,31,0.47698667645454407,bernoulli_median,shuffled,8,p31_31miss
2019-08-01,52,31,0.4674186706542969,bernoulli_median,shuffled,8,p31_31miss
2019-08-02,52,31,0.49291205406188965,bernoulli_median,shuffled,8,p31_31miss
2019-08-03,52,31,0.4922100007534027,bernoulli_median,shuffled,8,p31_31miss
2019-08-04,52,31,0.4576130509376526,bernoulli_median,shuffled,8,p31_31miss
2019-08-05,52,31,0.584354817867279,bernoulli_median,shuffled,8,p31_31miss
2019-08-06,52,31,0.5757530331611633,bernoulli_median,shuffled,8,p31_31miss
2019-12-02,80,3,0.44852426648139954,bernoulli_median,shuffled,8,p3_3miss
2019-12-08,80,3,0.42408129572868347,bernoulli_median,shuffled,8,p3_3miss
2019-12-19,80,3,0.3360060453414917,bernoulli_median,shuffled,8,p3_3miss
2019-12-27,80,3,0.29213428497314453,bernoulli_median,shuffled,8,p3_3miss
2020-01-01,80,3,0.1745365411043167,bernoulli_median,shuffled,8,p3_3miss
2020-01-18,29,54,0.2825072705745697,bernoulli_median,shuffled,8,p54_54miss
2020-01-19,29,54,0.24729794263839722,bernoulli_median,shuffled,8,p54_54miss
2020-01-20,29,54,0.22109279036521912,bernoulli_median,shuffled,8,p54_54miss
2020-01-21,29,54,0.21928787231445312,bernoulli_median,shuffled,8,p54_54miss
2020-04-08,80,3,0.45502418279647827,bernoulli_median,shuffled,8,p3_3miss
2020-04-09,80,3,0.4791063666343689,bernoulli_median,shuffled,8,p3_3miss
2020-04-10,80,3,0.4134655296802521,bernoulli_median,shuffled,8,p3_3miss
2020-04-11,80,3,0.280621737241745,bernoulli_median,shuffled,8,p3_3miss
2020-04-12,80,3,0.30385833978652954,bernoulli_median,shuffled,8,p3_3miss
2020-04-13,80,3,0.2998354136943817,bernoulli_median,shuffled,8,p3_3miss
2020-04-14,80,3,0.5296440124511719,bernoulli_median,shuffled,8,p3_3miss
2020-04-19,80,3,0.27408716082572937,bernoulli_median,shuffled,8,p3_3miss
2020-04-23,80,3,0.37822067737579346,bernoulli_median,shuffled,8,p3_3miss
2020-04-25,80,3,0.2871924042701721,bernoulli_median,shuffled,8,p3_3miss
2020-04-27,80,3,0.28492000699043274,bernoulli_median,shuffled,8,p3_3miss
2020-05-03,80,3,0.29697906970977783,bernoulli_median,shuffled,8,p3_3miss
2020-05-08,80,3,0.26264920830726624,bernoulli_median,shuffled,8,p3_3miss
2020-05-09,80,3,0.3197959065437317,bernoulli_median,shuffled,8,p3_3miss
2020-05-12,80,3,0.4000096023082733,bernoulli_median,shuffled,8,p3_3miss
2020-05-13,80,3,0.377521812915802,bernoulli_median,shuffled,8,p3_3miss
2020-05-19,80,3,0.34761881828308105,bernoulli_median,shuffled,8,p3_3miss
2020-05-22,80,3,0.36961737275123596,bernoulli_median,shuffled,8,p3_3miss
2020-05-27,80,3,0.3486761450767517,bernoulli_median,shuffled,8,p3_3miss
2020-05-28,80,3,0.5253104567527771,bernoulli_median,shuffled,8,p3_3miss
2020-06-07,80,3,0.390774667263031,bernoulli_median,shuffled,8,p3_3miss
2020-06-09,80,3,0.38984251022338867,bernoulli_median,shuffled,8,p3_3miss
2020-06-11,80,3,0.4717045724391937,bernoulli_median,shuffled,8,p3_3miss
2020-06-16,80,3,0.3587171733379364,bernoulli_median,shuffled,8,p3_3miss
2020-06-28,80,3,0.5185917019844055,bernoulli_median,shuffled,8,p3_3miss
2020-07-16,80,3,0.4628870189189911,bernoulli_median,shuffled,8,p3_3miss
2020-07-24,80,3,0.3980053663253784,bernoulli_median,shuffled,8,p3_3miss
2020-08-03,80,3,0.4849792420864105,bernoulli_median,shuffled,8,p3_3miss
2020-08-07,80,3,0.4292508661746979,bernoulli_median,shuffled,8,p3_3miss
2020-08-09,80,3,0.5641610026359558,bernoulli_median,shuffled,8,p3_3miss
2020-08-12,80,3,0.39390459656715393,bernoulli_median,shuffled,8,p3_3miss
2020-08-15,80,3,0.48402199149131775,bernoulli_median,shuffled,8,p3_3miss
2020-12-03,80,3,0.44726553559303284,bernoulli_median,shuffled,8,p3_3miss
2020-12-12,80,3,0.28158172965049744,bernoulli_median,shuffled,8,p3_3miss
2021-05-04,80,3,0.32588180899620056,bernoulli_median,shuffled,8,p3_3miss
2021-05-13,80,3,0.37201371788978577,bernoulli_median,shuffled,8,p3_3miss
2021-05-14,80,3,0.31137293577194214,bernoulli_median,shuffled,8,p3_3miss
2021-06-06,80,3,0.46404653787612915,bernoulli_median,shuffled,8,p3_3miss
2021-06-14,80,3,0.5819492936134338,bernoulli_median,shuffled,8,p3_3miss
2021-07-04,80,3,0.5413942337036133,bernoulli_median,shuffled,8,p3_3miss
2021-07-05,80,3,0.5965073704719543,bernoulli_median,shuffled,8,p3_3miss
2022-03-31,80,3,0.49432432651519775,bernoulli_median,shuffled,8,p3_3miss
2022-04-05,80,3,0.45831015706062317,bernoulli_median,shuffled,8,p3_3miss
2022-04-06,80,3,0.46454206109046936,bernoulli_median,shuffled,8,p3_3miss
2022-04-14,80,3,0.283475786447525,bernoulli_median,shuffled,8,p3_3miss
2022-04-15,80,3,0.24921771883964539,bernoulli_median,shuffled,8,p3_3miss
2022-04-16,80,3,0.22697654366493225,bernoulli_median,shuffled,8,p3_3miss
2022-04-18,80,3,0.19351379573345184,bernoulli_median,shuffled,8,p3_3miss
2022-04-23,80,3,0.24101749062538147,bernoulli_median,shuffled,8,p3_3miss
2022-04-26,80,3,0.23663707077503204,bernoulli_median,shuffled,8,p3_3miss
2022-04-27,80,3,0.34360072016716003,bernoulli_median,shuffled,8,p3_3miss
2022-04-28,80,3,0.24185515940189362,bernoulli_median,shuffled,8,p3_3miss
2022-04-29,80,3,0.2805061936378479,bernoulli_median,shuffled,8,p3_3miss
2022-05-02,80,3,0.31976044178009033,bernoulli_median,shuffled,8,p3_3miss
2022-05-03,80,3,0.30699560046195984,bernoulli_median,shuffled,8,p3_3miss
2022-05-07,80,3,0.37896379828453064,bernoulli_median,shuffled,8,p3_3miss
2022-05-10,80,3,0.428697794675827,bernoulli_median,shuffled,8,p3_3miss
2022-05-14,80,3,0.4021407663822174,bernoulli_median,shuffled,8,p3_3miss
2022-05-17,80,3,0.3620893061161041,bernoulli_median,shuffled,8,p3_3miss
2022-06-06,80,3,0.45875638723373413,bernoulli_median,shuffled,8,p3_3miss
2022-06-26,80,3,0.465705007314682,bernoulli_median,shuffled,8,p3_3miss
2022-06-29,80,3,0.4294864535331726,bernoulli_median,shuffled,8,p3_3miss
2022-06-30,80,3,0.414107084274292,bernoulli_median,shuffled,8,p3_3miss
2022-07-01,80,3,0.42939984798431396,bernoulli_median,shuffled,8,p3_3miss
2022-07-07,80,3,0.460222989320755,bernoulli_median,shuffled,8,p3_3miss
2022-07-19,80,3,0.40529486536979675,bernoulli_median,shuffled,8,p3_3miss
2022-10-01,52,31,0.47541964054107666,bernoulli_median,shuffled,8,p31_31miss
2022-10-02,52,31,0.39323532581329346,bernoulli_median,shuffled,8,p31_31miss
2022-10-03,52,31,0.5403913259506226,bernoulli_median,shuffled,8,p31_31miss
2022-10-04,52,31,0.4700082242488861,bernoulli_median,shuffled,8,p31_31miss
2022-10-05,52,31,0.5911593437194824,bernoulli_median,shuffled,8,p31_31miss
2022-10-06,52,31,0.5006178021430969,bernoulli_median,shuffled,8,p31_31miss
2022-10-07,52,31,0.5588531494140625,bernoulli_median,shuffled,8,p31_31miss
2022-10-08,52,31,0.5814618468284607,bernoulli_median,shuffled,8,p31_31miss
2022-10-09,52,31,0.6591771841049194,bernoulli_median,shuffled,8,p31_31miss
2022-10-10,52,31,0.5830420851707458,bernoulli_median,shuffled,8,p31_31miss
2022-10-11,52,31,0.7635283470153809,bernoulli_median,shuffled,8,p31_31miss
2022-10-12,52,31,0.6817346215248108,bernoulli_median,shuffled,8,p31_31miss
2022-10-13,52,31,0.7692484855651855,bernoulli_median,shuffled,8,p31_31miss
2022-10-14,52,31,0.8116866946220398,bernoulli_median,shuffled,8,p31_31miss
2022-10-15,52,31,0.9414125680923462,bernoulli_median,shuffled,8,p31_31miss
2022-10-16,52,31,0.7123202085494995,bernoulli_median,shuffled,8,p31_31miss
2022-10-17,52,31,0.8219913840293884,bernoulli_median,shuffled,8,p31_31miss
2022-10-18,52,31,0.8279531598091125,bernoulli_median,shuffled,8,p31_31miss
2022-10-19,52,31,0.8950918912887573,bernoulli_median,shuffled,8,p31_31miss
2022-10-20,52,31,0.8113132119178772,bernoulli_median,shuffled,8,p31_31miss
2022-10-21,52,31,0.7624267339706421,bernoulli_median,shuffled,8,p31_31miss
2022-10-22,52,31,0.6655340194702148,bernoulli_median,shuffled,8,p31_31miss
2022-10-23,52,31,0.7036375403404236,bernoulli_median,shuffled,8,p31_31miss
2022-10-24,52,31,0.8166911602020264,bernoulli_median,shuffled,8,p31_31miss
2022-10-25,52,31,0.823898434638977,bernoulli_median,shuffled,8,p31_31miss
2022-10-26,52,31,0.6904883980751038,bernoulli_median,shuffled,8,p31_31miss
2022-10-27,52,31,0.6245790123939514,bernoulli_median,shuffled,8,p31_31miss
2022-10-28,52,31,0.7559842467308044,bernoulli_median,shuffled,8,p31_31miss
2022-10-29,52,31,0.5710676908493042,bernoulli_median,shuffled,8,p31_31miss
2022-10-30,52,31,0.6875149607658386,bernoulli_median,shuffled,8,p31_31miss
2022-10-31,52,31,0.7322805523872375,bernoulli_median,shuffled,8,p31_31miss
2022-12-10,52,31,0.27057138085365295,bernoulli_median,shuffled,8,p31_31miss
2023-06-01,80,3,0.4381856322288513,bernoulli_median,shuffled,8,p3_3miss
2023-07-07,80,3,0.5837215185165405,bernoulli_median,shuffled,8,p3_3miss
2023-07-10,80,3,0.5306095480918884,bernoulli_median,shuffled,8,p3_3miss
2023-07-13,80,3,0.4988560378551483,bernoulli_median,shuffled,8,p3_3miss
2023-07-18,80,3,0.5247734189033508,bernoulli_median,shuffled,8,p3_3miss
2023-07-23,80,3,0.4455175995826721,bernoulli_median,shuffled,8,p3_3miss
2023-08-26,80,3,0.4347054064273834,bernoulli_median,shuffled,8,p3_3miss
2024-02-17,29,54,0.6864356994628906,bernoulli_median,shuffled,8,p54_54miss
2024-02-18,29,54,0.634731113910675,bernoulli_median,shuffled,8,p54_54miss
2024-02-19,29,54,0.39822667837142944,bernoulli_median,shuffled,8,p54_54miss
2024-02-20,29,54,0.6406542658805847,bernoulli_median,shuffled,8,p54_54miss
2024-02-21,29,54,0.9638046026229858,bernoulli_median,shuffled,8,p54_54miss
2024-02-22,29,54,0.7983483672142029,bernoulli_median,shuffled,8,p54_54miss
2024-04-06,80,3,0.24745610356330872,bernoulli_median,shuffled,8,p3_3miss
2024-04-07,80,3,0.3596983253955841,bernoulli_median,shuffled,8,p3_3miss
2024-04-14,80,3,0.23929902911186218,bernoulli_median,shuffled,8,p3_3miss
2024-04-18,29,54,0.49475836753845215,bernoulli_median,shuffled,8,p54_54miss
2024-04-19,29,54,0.4192104935646057,bernoulli_median,shuffled,8,p54_54miss
2024-04-20,29,54,0.46065670251846313,bernoulli_median,shuffled,8,p54_54miss
2024-08-12,80,3,0.400480717420578,bernoulli_median,shuffled,8,p3_3miss
2024-08-15,80,3,0.3615559935569763,bernoulli_median,shuffled,8,p3_3miss
