family,L,unit,n_days,fraction
bernoulli_median,10,h0,220,0.1154
bernoulli_median,10,h1,251,0.1317
bernoulli_median,10,h2,187,0.0981
bernoulli_median,10,h3,221,0.1159
bernoulli_median,10,h4,51,0.0268
bernoulli_median,10,h5,209,0.1097
bernoulli_median,10,h6,89,0.0467
bernoulli_median,10,h7,85,0.0446
bernoulli_median,10,h8,452,0.2371
bernoulli_median,10,h9,141,0.074
bernoulli_median,3,h0,1034,0.5425
bernoulli_median,3,h1,584,0.3064
bernoulli_median,3,h2,288,0.1511
bernoulli_median,4,h0,316,0.1658
bernoulli_median,4,h1,523,0.2744
bernoulli_median,4,h2,949,0.4979
bernoulli_median,4,h3,118,0.0619
bernoulli_median,5,h0,176,0.0923
bernoulli_median,5,h1,284,0.149
bernoulli_median,5,h2,846,0.4439
bernoulli_median,5,h3,251,0.1317
bernoulli_median,5,h4,349,0.1831
bernoulli_median,6,h0,115,0.0603
bernoulli_median,6,h1,842,0.4418
bernoulli_median,6,h2,868,0.4554
bernoulli_median,6,h3,0,0.0
bernoulli_median,6,h4,0,0.0
bernoulli_median,6,h5,81,0.0425
bernoulli_median,7,h0,868,0.4554
bernoulli_median,7,h1,204,0.107
bernoulli_median,7,h2,98,0.0514
bernoulli_median,7,h3,535,0.2807
bernoulli_median,7,h4,19,0.01
bernoulli_median,7,h5,56,0.0294
bernoulli_median,7,h6,126,0.0661
bernoulli_median,8,h0,720,0.3778
bernoulli_median,8,h1,112,0.0588
bernoulli_median,8,h2,166,0.0871
bernoulli_median,8,h3,51,0.0268
bernoulli_median,8,h4,118,0.0619
bernoulli_median,8,h5,583,0.3059
bernoulli_median,8,h6,41,0.0215
bernoulli_median,8,h7,115,0.0603
bernoulli_median,9,h0,102,0.0535
bernoulli_median,9,h1,98,0.0514
bernoulli_median,9,h2,353,0.1852
bernoulli_median,9,h3,390,0.2046
bernoulli_median,9,h4,210,0.1102
bernoulli_median,9,h5,56,0.0294
bernoulli_median,9,h6,282,0.148
bernoulli_median,9,h7,149,0.0782
bernoulli_median,9,h8,266,0.1396
bernoulli_zero,10,h0,2,0.001
bernoulli_zero,10,h1,61,0.032
bernoulli_zero,10,h2,2,0.001
bernoulli_zero,10,h3,491,0.2576
bernoulli_zero,10,h4,968,0.5079
bernoulli_zero,10,h5,116,0.0609
bernoulli_zero,10,h6,10,0.0052
bernoulli_zero,10,h7,47,0.0247
bernoulli_zero,10,h8,10,0.0052
bernoulli_zero,10,h9,199,0.1044
bernoulli_zero,3,h0,850,0.446
bernoulli_zero,3,h1,741,0.3888
bernoulli_zero,3,h2,315,0.1653
bernoulli_zero,4,h0,33,0.0173
bernoulli_zero,4,h1,988,0.5184
bernoulli_zero,4,h2,108,0.0567
bernoulli_zero,4,h3,777,0.4077
bernoulli_zero,5,h0,289,0.1516
bernoulli_zero,5,h1,375,0.1967
bernoulli_zero,5,h2,471,0.2471
bernoulli_zero,5,h3,33,0.0173
bernoulli_zero,5,h4,738,0.3872
bernoulli_zero,6,h0,261,0.1369
bernoulli_zero,6,h1,531,0.2786
bernoulli_zero,6,h2,2,0.001
bernoulli_zero,6,h3,367,0.1925
bernoulli_zero,6,h4,622,0.3263
bernoulli_zero,6,h5,123,0.0645
bernoulli_zero,7,h0,79,0.0414
bernoulli_zero,7,h1,487,0.2555
bernoulli_zero,7,h2,17,0.0089
bernoulli_zero,7,h3,68,0.0357
bernoulli_zero,7,h4,39,0.0205
bernoulli_zero,7,h5,586,0.3075
bernoulli_zero,7,h6,630,0.3305
bernoulli_zero,8,h0,286,0.1501
bernoulli_zero,8,h1,12,0.0063
bernoulli_zero,8,h2,312,0.1637
bernoulli_zero,8,h3,142,0.0745
bernoulli_zero,8,h4,454,0.2382
bernoulli_zero,8,h5,30,0.0157
bernoulli_zero,8,h6,486,0.255
bernoulli_zero,8,h7,184,0.0965
bernoulli_zero,9,h0,12,0.0063
bernoulli_zero,9,h1,9,0.0047
bernoulli_zero,9,h2,222,0.1165
bernoulli_zero,9,h3,228,0.1196
bernoulli_zero,9,h4,196,0.1028
bernoulli_zero,9,h5,2,0.001
bernoulli_zero,9,h6,771,0.4045
bernoulli_zero,9,h7,171,0.0897
bernoulli_zero,9,h8,295,0.1548
nb,10,h0,30,0.0157
nb,10,h1,385,0.202
nb,10,h2,387,0.203
nb,10,h3,944,0.4953
nb,10,h4,0,0.0
nb,10,h5,4,0.0021
nb,10,h6,8,0.0042
nb,10,h7,75,0.0393
nb,10,h8,0,0.0
nb,10,h9,73,0.0383
nb,3,h0,760,0.3987
nb,3,h1,780,0.4092
nb,3,h2,366,0.192
nb,4,h0,1177,0.6175
nb,4,h1,477,0.2503
nb,4,h2,45,0.0236
nb,4,h3,207,0.1086
nb,5,h0,262,0.1375
nb,5,h1,775,0.4066
nb,5,h2,103,0.054
nb,5,h3,321,0.1684
nb,5,h4,445,0.2335
nb,6,h0,249,0.1306
nb,6,h1,702,0.3683
nb,6,h2,76,0.0399
nb,6,h3,109,0.0572
nb,6,h4,230,0.1207
nb,6,h5,540,0.2833
nb,7,h0,191,0.1002
nb,7,h1,542,0.2844
nb,7,h2,435,0.2282
nb,7,h3,257,0.1348
nb,7,h4,381,0.1999
nb,7,h5,27,0.0142
nb,7,h6,73,0.0383
nb,8,h0,282,0.148
nb,8,h1,141,0.074
nb,8,h2,680,0.3568
nb,8,h3,202,0.106
nb,8,h4,29,0.0152
nb,8,h5,175,0.0918
nb,8,h6,233,0.1222
nb,8,h7,164,0.086
nb,9,h0,152,0.0797
nb,9,h1,1125,0.5902
nb,9,h2,68,0.0357
nb,9,h3,144,0.0756
nb,9,h4,53,0.0278
nb,9,h5,155,0.0813
nb,9,h6,135,0.0708
nb,9,h7,1,0.0005
nb,9,h8,73,0.0383
nb_relu,10,h0,178,0.0934
nb_relu,10,h1,1485,0.7791
nb_relu,10,h2,17,0.0089
nb_relu,10,h3,226,0.1186
nb_relu,10,h4,0,0.0
nb_relu,10,h5,0,0.0
nb_relu,10,h6,0,0.0
nb_relu,10,h7,0,0.0
nb_relu,10,h8,0,0.0
nb_relu,10,h9,0,0.0
nb_relu,4,h0,504,0.2644
nb_relu,4,h1,1176,0.617
nb_relu,4,h2,182,0.0955
nb_relu,4,h3,44,0.0231
nb_relu,5,h0,721,0.3783
nb_relu,5,h1,845,0.4433
nb_relu,5,h2,340,0.1784
nb_relu,5,h3,0,0.0
nb_relu,5,h4,0,0.0
nb_relu,6,h0,798,0.4187
nb_relu,6,h1,576,0.3022
nb_relu,6,h2,19,0.01
nb_relu,6,h3,513,0.2692
nb_relu,6,h4,0,0.0
nb_relu,6,h5,0,0.0
nb_relu,7,h0,60,0.0315
nb_relu,7,h1,1765,0.926
nb_relu,7,h2,43,0.0226
nb_relu,7,h3,4,0.0021
nb_relu,7,h4,34,0.0178
nb_relu,7,h5,0,0.0
nb_relu,7,h6,0,0.0
nb_relu,8,h0,1139,0.5976
nb_relu,8,h1,0,0.0
nb_relu,8,h2,0,0.0
nb_relu,8,h3,150,0.0787
nb_relu,8,h4,0,0.0
nb_relu,8,h5,4,0.0021
nb_relu,8,h6,613,0.3216
nb_relu,8,h7,0,0.0
nb_relu,9,h0,1826,0.958
nb_relu,9,h1,0,0.0
nb_relu,9,h2,1,0.0005
nb_relu,9,h3,9,0.0047
nb_relu,9,h4,66,0.0346
nb_relu,9,h5,0,0.0
nb_relu,9,h6,4,0.0021
nb_relu,9,h7,0,0.0
nb_relu,9,h8,0,0.0
nb_sigmoid,4,h0,1171,0.6144
nb_sigmoid,4,h1,436,0.2288
nb_sigmoid,4,h2,90,0.0472
nb_sigmoid,4,h3,209,0.1097
nb_sigmoid,5,h0,413,0.2167
nb_sigmoid,5,h1,907,0.4759
nb_sigmoid,5,h2,292,0.1532
nb_sigmoid,5,h3,142,0.0745
nb_sigmoid,5,h4,152,0.0797
nb_sigmoid,6,h0,306,0.1605
nb_sigmoid,6,h1,148,0.0776
nb_sigmoid,6,h2,64,0.0336
nb_sigmoid,6,h3,1097,0.5756
nb_sigmoid,6,h4,0,0.0
nb_sigmoid,6,h5,291,0.1527
nb_sigmoid,7,h0,429,0.2251
nb_sigmoid,7,h1,452,0.2371
nb_sigmoid,7,h2,235,0.1233
nb_sigmoid,7,h3,238,0.1249
nb_sigmoid,7,h4,485,0.2545
nb_sigmoid,7,h5,3,0.0016
nb_sigmoid,7,h6,64,0.0336
nb_sigmoid,8,h0,838,0.4397
nb_sigmoid,8,h1,165,0.0866
nb_sigmoid,8,h2,178,0.0934
nb_sigmoid,8,h3,607,0.3185
nb_sigmoid,8,h4,14,0.0073
nb_sigmoid,8,h5,0,0.0
nb_sigmoid,8,h6,26,0.0136
nb_sigmoid,8,h7,78,0.0409
nb_softmax,4,h0,312,0.1637
nb_softmax,4,h1,758,0.3977
nb_softmax,4,h2,520,0.2728
nb_softmax,4,h3,316,0.1658
nb_softmax,5,h0,510,0.2676
nb_softmax,5,h1,587,0.308
nb_softmax,5,h2,323,0.1695
nb_softmax,5,h3,205,0.1076
nb_softmax,5,h4,281,0.1474
nb_softmax,6,h0,0,0.0
nb_softmax,6,h1,315,0.1653
nb_softmax,6,h2,260,0.1364
nb_softmax,6,h3,306,0.1605
nb_softmax,6,h4,494,0.2592
nb_softmax,6,h5,531,0.2786
nb_softmax,7,h0,434,0.2277
nb_softmax,7,h1,168,0.0881
nb_softmax,7,h2,529,0.2775
nb_softmax,7,h3,139,0.0729
nb_softmax,7,h4,295,0.1548
nb_softmax,7,h5,101,0.053
nb_softmax,7,h6,240,0.1259
nb_softmax,8,h0,577,0.3027
nb_softmax,8,h1,258,0.1354
nb_softmax,8,h2,185,0.0971
nb_softmax,8,h3,0,0.0
nb_softmax,8,h4,214,0.1123
nb_softmax,8,h5,0,0.0
nb_softmax,8,h6,522,0.2739
nb_softmax,8,h7,150,0.0787
zinb,10,h0,341,0.1789
zinb,10,h1,253,0.1327
zinb,10,h2,17,0.0089
zinb,10,h3,357,0.1873
zinb,10,h4,303,0.159
zinb,10,h5,324,0.17
zinb,10,h6,180,0.0944
zinb,10,h7,42,0.022
zinb,10,h8,9,0.0047
zinb,10,h9,80,0.042
zinb,5,h0,707,0.3709
zinb,5,h1,902,0.4732
zinb,5,h2,3,0.0016
zinb,5,h3,194,0.1018
zinb,5,h4,100,0.0525
zinb,6,h0,674,0.3536
zinb,6,h1,100,0.0525
zinb,6,h2,247,0.1296
zinb,6,h3,532,0.2791
zinb,6,h4,100,0.0525
zinb,6,h5,253,0.1327
zinb,7,h0,197,0.1034
zinb,7,h1,264,0.1385
zinb,7,h2,774,0.4061
zinb,7,h3,462,0.2424
zinb,7,h4,150,0.0787
zinb,7,h5,8,0.0042
zinb,7,h6,51,0.0268
zinb,8,h0,299,0.1569
zinb,8,h1,580,0.3043
zinb,8,h2,12,0.0063
zinb,8,h3,112,0.0588
zinb,8,h4,185,0.0971
zinb,8,h5,106,0.0556
zinb,8,h6,608,0.319
zinb,8,h7,4,0.0021
zinb,9,h0,747,0.3919
zinb,9,h1,18,0.0094
zinb,9,h2,320,0.1679
zinb,9,h3,324,0.17
zinb,9,h4,236,0.1238
zinb,9,h5,2,0.001
zinb,9,h6,9,0.0047
zinb,9,h7,164,0.086
zinb,9,h8,86,0.0451
zinb_relu,10,h0,0,0.0
zinb_relu,10,h1,358,0.1878
zinb_relu,10,h2,198,0.1039
zinb_relu,10,h3,300,0.1574
zinb_relu,10,h4,727,0.3814
zinb_relu,10,h5,66,0.0346
zinb_relu,10,h6,69,0.0362
zinb_relu,10,h7,0,0.0
zinb_relu,10,h8,188,0.0986
zinb_relu,10,h9,0,0.0
zinb_relu,4,h0,1479,0.776
zinb_relu,4,h1,427,0.224
zinb_relu,4,h2,0,0.0
zinb_relu,4,h3,0,0.0
zinb_relu,5,h0,596,0.3127
zinb_relu,5,h1,788,0.4134
zinb_relu,5,h2,319,0.1674
zinb_relu,5,h3,5,0.0026
zinb_relu,5,h4,198,0.1039
zinb_relu,6,h0,193,0.1013
zinb_relu,6,h1,721,0.3783
zinb_relu,6,h2,129,0.0677
zinb_relu,6,h3,548,0.2875
zinb_relu,6,h4,0,0.0
zinb_relu,6,h5,315,0.1653
zinb_relu,7,h0,370,0.1941
zinb_relu,7,h1,347,0.1821
zinb_relu,7,h2,719,0.3772
zinb_relu,7,h3,0,0.0
zinb_relu,7,h4,460,0.2413
zinb_relu,7,h5,8,0.0042
zinb_relu,7,h6,2,0.001
zinb_relu,8,h0,514,0.2697
zinb_relu,8,h1,142,0.0745
zinb_relu,8,h2,80,0.042
zinb_relu,8,h3,351,0.1842
zinb_relu,8,h4,23,0.0121
zinb_relu,8,h5,176,0.0923
zinb_relu,8,h6,80,0.042
zinb_relu,8,h7,540,0.2833
zinb_relu,9,h0,1028,0.5393
zinb_relu,9,h1,38,0.0199
zinb_relu,9,h2,646,0.3389
zinb_relu,9,h3,0,0.0
zinb_relu,9,h4,191,0.1002
zinb_relu,9,h5,3,0.0016
zinb_relu,9,h6,0,0.0
zinb_relu,9,h7,0,0.0
zinb_relu,9,h8,0,0.0
zinb_sigmoid,4,h0,580,0.3043
zinb_sigmoid,4,h1,579,0.3038
zinb_sigmoid,4,h2,586,0.3075
zinb_sigmoid,4,h3,161,0.0845
zinb_sigmoid,5,h0,357,0.1873
zinb_sigmoid,5,h1,609,0.3195
zinb_sigmoid,5,h2,50,0.0262
zinb_sigmoid,5,h3,511,0.2681
zinb_sigmoid,5,h4,379,0.1988
zinb_sigmoid,6,h0,487,0.2555
zinb_sigmoid,6,h1,222,0.1165
zinb_sigmoid,6,h2,81,0.0425
zinb_sigmoid,6,h3,341,0.1789
zinb_sigmoid,6,h4,375,0.1967
zinb_sigmoid,6,h5,400,0.2099
zinb_sigmoid,7,h0,295,0.1548
zinb_sigmoid,7,h1,323,0.1695
zinb_sigmoid,7,h2,397,0.2083
zinb_sigmoid,7,h3,411,0.2156
zinb_sigmoid,7,h4,221,0.1159
zinb_sigmoid,7,h5,259,0.1359
zinb_sigmoid,7,h6,0,0.0
zinb_sigmoid,8,h0,0,0.0
zinb_sigmoid,8,h1,278,0.1459
zinb_sigmoid,8,h2,270,0.1417
zinb_sigmoid,8,h3,274,0.1438
zinb_sigmoid,8,h4,17,0.0089
zinb_sigmoid,8,h5,975,0.5115
zinb_sigmoid,8,h6,10,0.0052
zinb_sigmoid,8,h7,82,0.043
zinb_softmax,4,h0,571,0.2996
zinb_softmax,4,h1,225,0.118
zinb_softmax,4,h2,680,0.3568
zinb_softmax,4,h3,430,0.2256
zinb_softmax,5,h0,646,0.3389
zinb_softmax,5,h1,517,0.2712
zinb_softmax,5,h2,381,0.1999
zinb_softmax,5,h3,195,0.1023
zinb_softmax,5,h4,167,0.0876
zinb_softmax,6,h0,0,0.0
zinb_softmax,6,h1,168,0.0881
zinb_softmax,6,h2,284,0.149
zinb_softmax,6,h3,325,0.1705
zinb_softmax,6,h4,367,0.1925
zinb_softmax,6,h5,762,0.3998
zinb_softmax,7,h0,0,0.0
zinb_softmax,7,h1,131,0.0687
zinb_softmax,7,h2,582,0.3054
zinb_softmax,7,h3,142,0.0745
zinb_softmax,7,h4,326,0.171
zinb_softmax,7,h5,361,0.1894
zinb_softmax,7,h6,364,0.191
zinb_softmax,8,h0,570,0.2991
zinb_softmax,8,h1,371,0.1946
zinb_softmax,8,h2,174,0.0913
zinb_softmax,8,h3,0,0.0
zinb_softmax,8,h4,164,0.086
zinb_softmax,8,h5,0,0.0
zinb_softmax,8,h6,501,0.2629
zinb_softmax,8,h7,126,0.0661
