date,h0,h1,h2
2019-03-26,4.351969e-12,0.99999905,1.5007277e-12
2019-03-27,7.8819895e-20,0.99999964,1.8664094e-10
2019-03-28,2.7604858e-09,0.9991824,7.375669e-14
2019-03-29,3.256339e-14,0.99991775,8.220393e-13
2019-03-30,0.0,1.0,0.004755606
2019-03-31,0.0,1.0,0.7719154
2019-04-01,1.1391584e-25,1.0,8.622871e-09
2019-04-02,9.664937e-31,1.0,1.1522818e-06
2019-04-04,1.5036619e-12,0.99999905,8.2078897e-13
2019-04-05,2.3573026e-21,1.0,5.388352e-09
2019-04-06,1.01711146e-17,1.0,4.713654e-10
2019-04-07,1.7098677e-13,1.0,2.3445617e-11
2019-04-10,3.2266755e-21,1.0,2.2496693e-08
2019-04-11,9.519235e-16,1.0,2.771881e-10
2019-04-12,2.987683e-14,1.0,9.783329e-11
2019-04-13,1.3913093e-09,1.0,3.1451699e-12
2019-04-14,3.163875e-09,1.0,2.006243e-12
2019-04-15,8.215135e-11,1.0,4.14623e-11
2019-04-16,7.362029e-12,1.0,4.572108e-10
2019-04-17,1.8828451e-11,1.0,3.1074165e-10
2019-04-18,3.2840288e-09,1.0,7.778571e-11
2019-04-19,9.625282e-05,1.0,1.4454976e-12
2019-04-20,0.0012713416,0.9999999,5.0678385e-13
2019-04-21,0.027358923,0.9999995,2.0439046e-13
2019-04-22,0.1268403,0.9999995,2.4522737e-13
2019-04-23,0.8715129,0.9999963,9.2602365e-14
2019-04-24,0.999153,0.99993205,2.013617e-14
2019-04-25,0.68713653,0.999979,9.3350905e-14
2019-04-26,0.46889803,0.9999852,1.4885542e-13
2019-04-27,0.5577832,0.99999523,8.221517e-14
2019-04-28,0.09766723,0.9999995,3.1016026e-13
2019-04-29,0.026668778,0.9999999,5.307232e-13
2019-04-30,0.09146401,0.9999994,2.445902e-13
2019-05-02,0.96686846,0.99994385,2.6068283e-14
2019-05-05,0.9930976,0.999529,1.3291338e-14
2019-05-06,0.890303,0.99981254,2.3780528e-14
2019-05-07,0.86683244,0.99967337,2.0815105e-14
2019-05-08,0.8734457,0.9986726,1.2785201e-14
2019-05-09,0.62014633,0.9990119,1.9280367e-14
2019-05-10,0.27473655,0.99951243,3.0598174e-14
2019-05-11,0.04575345,0.99896026,2.9495598e-14
2019-05-12,0.16766004,0.99671894,1.23936616e-14
2019-05-13,0.0126881115,0.99929726,2.4075858e-14
2019-05-15,0.038169518,0.9981034,1.866954e-14
2019-05-16,0.039596673,0.9996902,2.87281e-14
2019-05-17,0.0032847403,0.9999678,6.22904e-14
2019-05-18,0.0021675816,0.9999405,6.127171e-14
2019-05-19,0.048281614,0.9959467,1.7483133e-14
2019-05-20,0.0006822626,0.9928988,2.6757674e-14
2019-05-21,0.002144904,0.99654514,1.79945e-14
2019-05-22,0.008134428,0.921172,3.1381304e-15
2019-05-23,7.2922034e-05,0.9775095,7.281273e-15
2019-05-24,1.33799895e-05,0.00609428,2.2732812e-15
2019-05-25,3.3698038e-06,0.0032047231,1.1623331e-14
2019-05-26,2.9464985e-12,5.31014e-05,6.183383e-14
2019-05-27,1.412882e-13,3.2389098e-13,2.0251863e-15
2019-05-28,1.7228027e-16,7.7483176e-19,1.3568099e-14
2019-05-29,7.672982e-13,6.269379e-24,2.6884533e-11
2019-05-30,1.8369284e-12,0.0,0.0033358573
2019-05-31,2.0060019e-16,0.0,0.99998844
2019-06-01,1.6170053e-22,0.0,1.0
2019-06-02,1.1961903e-23,0.0,1.0
2019-06-03,2.3800784e-24,0.0,1.0
2019-06-04,8.764172e-25,0.0,1.0
2019-06-05,2.5803084e-33,0.0,1.0
2019-06-06,1.6729918e-31,0.0,1.0
2019-06-07,0.0,0.0,1.0
2019-06-08,1.1155492e-33,0.0,1.0
2019-06-09,1.2360823e-33,0.0,1.0
2019-06-10,1.03248164e-26,1.7963945e-29,0.8697171
2019-06-12,3.8243827e-21,1.5896994e-26,3.0466886e-06
2019-06-13,4.970868e-25,4.48559e-37,1.0949155e-05
2019-06-14,3.3662696e-32,0.0,0.0019418834
2019-06-15,3.323568e-29,1.9646604e-38,9.6722986e-05
2019-06-16,4.1161133e-30,3.6326955e-36,3.1612177e-05
2019-06-17,5.7369932e-33,0.0,4.1856463e-05
2019-06-19,0.0,0.0,1.0
2019-06-21,0.0,0.0,1.0
2019-06-25,0.0,0.0,1.0
2019-06-26,0.0,0.0,0.99998474
2019-06-27,1.9558362e-31,0.0,1.3481586e-09
2019-06-28,1.6197143e-31,0.0,7.8389427e-13
2019-06-29,1.0143479e-19,6.84184e-24,1.9270065e-15
2019-06-30,5.47088e-16,8.43993e-20,1.1138999e-17
2019-07-01,3.066401e-11,3.6419478e-15,3.583483e-18
2019-07-02,1.7747878e-15,2.6772348e-20,2.790743e-19
2019-07-03,2.7737597e-13,1.516926e-17,2.0605152e-18
2019-07-04,7.810295e-15,1.055958e-20,6.2570225e-18
2019-07-05,8.5815274e-16,1.5346167e-21,1.9352318e-18
2019-07-06,2.1321302e-16,4.4358853e-22,5.707848e-19
2019-07-07,1.9737191e-16,3.5892757e-22,2.2087547e-19
2019-07-08,2.0084598e-16,4.0253378e-22,2.2281255e-19
2019-07-11,3.1332261e-15,2.0807816e-20,1.7042244e-18
2019-07-13,6.9674344e-13,8.093575e-18,7.620458e-18
2019-07-14,1.6318608e-12,5.5417015e-18,2.3062606e-17
2019-07-15,1.6465697e-10,7.659928e-16,3.6655568e-16
2019-07-16,2.2881434e-13,3.2074833e-20,6.635295e-14
2019-07-17,7.433629e-18,5.1399585e-26,6.0642284e-13
2019-07-18,1.4184116e-21,3.3830304e-32,5.906269e-11
2019-07-24,0.0,0.0,1.0
2019-07-28,3.119234e-32,0.0,0.0070720646
2019-07-29,6.3088937e-31,0.0,0.00023060871
2019-08-14,3.769398e-31,0.0,0.9998765
2019-08-15,0.0,0.0,1.0
2019-08-16,0.0,0.0,1.0
2019-08-17,0.0,0.0,1.0
2019-08-18,0.0,0.0,1.0
2019-08-19,0.0,0.0,1.0
2019-08-20,0.0,0.0,1.0
2019-08-21,0.0,0.0,1.0
2019-08-22,0.0,0.0,1.0
2019-08-23,0.0,0.0,1.0
2019-08-24,0.0,0.0,1.0
2019-08-27,0.0,0.0,0.377616
2019-08-28,0.0,0.0,2.5988155e-14
2019-08-29,0.0,0.0,1.0
2019-08-30,0.0,0.0,2.4034173e-16
2019-08-31,0.0,0.0,3.010167e-26
2019-09-01,0.0,0.0,7.056905e-29
2019-09-02,0.0,0.0,1.04818986e-32
2019-09-03,0.0,0.0,2.0461432e-32
2019-09-04,0.0,0.0,3.2961376e-33
2019-09-05,0.0,0.0,5.3322165e-30
2019-09-06,0.0,0.0,2.5192851e-26
2019-09-07,2.493237e-30,0.0,5.889135e-23
2019-09-08,3.7739287e-24,0.0,4.704446e-22
2019-09-09,9.660401e-24,0.0,3.9854612e-21
2019-09-10,2.2210267e-23,0.0,2.813445e-20
2019-09-11,4.370721e-26,0.0,7.455436e-19
2019-09-12,3.6176214e-29,0.0,6.5329567e-19
2019-09-13,6.6730486e-34,0.0,7.32838e-19
2019-09-14,6.622353e-35,0.0,4.408093e-19
2019-09-15,0.0,0.0,3.3823117e-22
2019-09-16,0.0,0.0,1.4492942e-26
2019-09-17,0.0,0.0,1.9933043e-28
2019-09-18,0.0,0.0,3.2066033e-27
2019-09-19,0.0,0.0,1.0180151e-26
2019-09-20,0.0,0.0,3.889731e-25
2019-09-21,0.0,0.0,3.160969e-23
2019-09-22,0.0,0.0,1.9715751e-23
2019-09-23,9.690593e-39,0.0,1.2566069e-25
2019-09-24,2.3196054e-36,0.0,4.867568e-25
2019-09-25,2.7513525e-30,0.0,8.144712e-25
2019-09-26,6.650021e-28,0.0,7.597243e-24
2019-09-27,8.657376e-25,0.0,1.9136015e-22
2019-09-28,8.3368487e-23,0.0,4.480613e-22
2019-09-29,1.763876e-20,0.0,3.216475e-21
2019-09-30,1.9673192e-19,0.0,3.995432e-21
2019-10-01,2.1721223e-20,0.0,3.0314701e-21
2019-10-02,2.2837053e-20,0.0,1.1855891e-20
2019-10-03,4.707125e-20,0.0,2.080488e-20
2019-10-04,1.8618187e-18,5.9789785e-38,3.8570715e-20
2019-10-05,6.6285304e-17,1.8395926e-35,2.5740834e-19
2019-10-06,1.092602e-15,9.354101e-34,1.805913e-19
2019-10-07,2.631273e-16,2.8716197e-34,3.1844916e-19
2019-10-08,9.149505e-14,2.3415003e-30,2.5001859e-18
2019-10-09,3.1571754e-14,2.2512052e-31,1.3622196e-17
2019-10-10,5.3012954e-12,7.6338655e-27,4.9315085e-17
2019-10-11,2.4249721e-12,6.929378e-26,6.4879187e-15
2019-10-12,7.716418e-15,1.5000988e-26,1.9615514e-13
2019-10-13,1.92658e-15,2.7854155e-26,1.3093182e-11
2019-10-14,2.7861187e-17,7.3152304e-25,1.7907603e-10
2019-10-15,3.9321094e-13,3.96343e-22,5.8286227e-12
2019-10-16,3.8028966e-13,1.6486031e-21,1.686395e-10
2019-10-17,5.8904045e-12,3.829392e-20,1.9538335e-09
2019-10-18,5.0919473e-12,1.5730907e-20,3.7152919e-09
2019-10-19,7.39883e-11,4.4071227e-17,2.5293503e-09
2019-10-20,9.1509435e-07,9.259339e-13,1.0382859e-11
2019-10-21,7.214308e-05,6.5555283e-10,1.0376656e-12
2019-10-22,0.0003474652,3.7621403e-10,9.8457246e-14
2019-10-23,0.011332651,5.001799e-09,3.939133e-14
2019-10-24,0.16573758,2.2203572e-08,1.5595832e-14
2019-10-25,0.2867552,1.1958178e-07,2.0709538e-13
2019-10-26,0.34473592,3.0238095e-08,4.7598288e-14
2019-10-27,0.4446001,2.1905418e-08,2.6592908e-12
2019-10-28,0.09741387,7.48374e-09,2.4607592e-13
2019-10-29,0.6199316,1.730728e-06,1.02394925e-14
2019-10-30,0.5613036,1.4897494e-05,4.3094333e-14
2019-10-31,0.99418855,0.00036806453,7.6702535e-15
2019-11-01,0.9939505,0.00025505846,7.0455777e-15
2019-11-02,0.97320247,0.0021216655,6.3977354e-14
2019-11-03,0.998548,0.023215678,1.3445035e-14
2019-11-04,0.99832374,0.07657249,2.7552505e-14
2019-11-05,0.9978948,0.15727483,4.706197e-14
2019-11-06,0.99739933,0.32296675,4.0979264e-14
2019-11-07,0.9992524,0.70552397,1.96984e-14
2019-11-08,0.99903166,0.60971695,7.643878e-15
2019-11-09,0.99759954,0.81625897,1.273436e-14
2019-11-10,0.99757296,0.9532849,1.7032464e-14
2019-11-11,0.99921155,0.8937237,1.2371083e-14
2019-11-12,0.99541193,0.9589084,2.51356e-14
2019-11-13,0.99925727,0.9144963,1.6158958e-14
2019-11-14,0.99919957,0.95431966,1.1374104e-14
2019-11-15,0.99432796,0.9858058,3.0559624e-14
2019-11-16,0.99961394,0.98612577,1.1168416e-14
2019-11-17,0.99792093,0.9966667,2.2156293e-14
2019-11-18,0.999764,0.988525,1.09218995e-14
2019-11-19,0.99870825,0.9971084,1.409928e-14
2019-11-20,0.9994603,0.9953217,9.111189e-15
2019-11-21,0.99831283,0.9976829,1.771971e-14
2019-11-22,0.9921704,0.9990043,4.680041e-14
2019-11-23,0.99891245,0.99829,3.43443e-14
2019-11-24,0.9947174,0.999426,4.6324303e-14
2019-11-25,0.9944031,0.9998946,9.512583e-14
2019-11-26,0.95322436,0.99991405,8.8173894e-14
2019-11-27,0.99866617,0.9997851,3.456432e-14
2019-11-28,0.9967804,0.9999229,9.092045e-14
2019-11-29,0.9995283,0.9997762,3.5470684e-14
2019-11-30,0.9990387,0.99990857,3.4937683e-14
2019-12-01,0.9997938,0.9995179,1.1598262e-14
2019-12-03,0.9999682,0.9991615,8.284099e-15
2019-12-04,0.99995387,0.999226,5.930573e-15
2019-12-05,0.999908,0.99965465,1.1528083e-14
2019-12-06,0.99992037,0.9995987,1.7138733e-14
2019-12-07,0.9999006,0.9997111,1.2184445e-14
2019-12-09,0.99997437,0.99942845,6.8497323e-15
2019-12-10,0.9999733,0.99969244,6.3733376e-15
2019-12-11,0.99998236,0.99911636,4.441201e-15
2019-12-12,0.9999914,0.9994173,5.226849e-15
2019-12-13,0.99999356,0.9994904,4.8454363e-15
2019-12-14,0.9999949,0.99916816,3.762145e-15
2019-12-15,0.99999297,0.9992015,4.4990235e-15
2019-12-16,0.9999913,0.99923325,4.7120595e-15
2019-12-17,0.9999945,0.9993461,3.7344632e-15
2019-12-18,0.99999094,0.9991146,5.3607707e-15
2019-12-20,0.9999944,0.99753284,2.0725876e-15
2019-12-21,0.99999654,0.9977416,1.8525195e-15
2019-12-22,0.99999726,0.99819225,2.6282045e-15
2019-12-23,0.9999988,0.99876475,2.3390008e-15
2019-12-24,0.99999845,0.99873,2.1115962e-15
2019-12-25,0.9999989,0.9979358,2.3757078e-15
2019-12-26,0.9999987,0.99891865,2.3168621e-15
2019-12-28,0.99999845,0.9989772,2.9550938e-15
2019-12-29,0.9999993,0.9983846,2.597912e-15
2019-12-30,0.99999905,0.9987785,2.180388e-15
2019-12-31,0.99999917,0.99860066,1.8798486e-15
2020-01-02,0.9999995,0.9983096,1.6192269e-15
2020-01-03,0.9999995,0.9981275,1.4744862e-15
2020-01-04,0.9999988,0.9991128,2.2820999e-15
2020-01-05,0.9999994,0.9978859,1.3530954e-15
2020-01-06,0.9999988,0.9988593,1.461511e-15
2020-01-22,0.9999927,0.9997979,2.7959382e-15
2020-01-23,0.9999957,0.9996978,2.1083605e-15
2020-01-24,0.9999938,0.9997398,2.3735701e-15
2020-01-25,0.9999964,0.99972254,1.7984369e-15
2020-01-26,0.999902,0.99998796,6.9567773e-15
2020-01-27,0.999718,0.99999523,5.9271126e-15
2020-01-28,0.9999882,0.99993396,1.7510556e-15
2020-01-29,0.99999905,0.99922526,1.0748342e-15
2020-01-30,0.9999938,0.9998833,2.7585303e-15
2020-01-31,0.99930406,0.99999857,7.848107e-15
2020-02-01,0.9992004,0.99999917,6.941297e-15
2020-02-02,0.99999535,0.999907,1.6052171e-15
2020-02-03,0.9999993,0.99909806,7.5031227e-16
2020-02-04,0.9999995,0.9994535,9.366291e-16
2020-02-05,0.99999845,0.9998147,1.1991373e-15
2020-02-06,0.9999987,0.9998996,1.0860903e-15
2020-02-07,0.99999905,0.9998379,6.732147e-16
2020-02-08,0.9999988,0.9998215,2.629477e-16
2020-02-09,0.9999981,0.9998733,1.3783406e-16
2020-02-10,0.9999999,0.99957544,2.004319e-16
2020-02-11,1.0,0.9991879,1.5470343e-16
2020-02-12,1.0,0.9980611,8.691825e-17
2020-02-13,1.0,0.9978556,5.1757528e-17
2020-02-14,1.0,0.9947535,2.3081618e-17
2020-02-15,1.0,0.9952602,1.6461682e-17
2020-02-16,1.0,0.99878365,1.4172408e-17
2020-02-17,1.0,0.9964479,9.279932e-18
2020-02-18,1.0,0.97250944,2.3790324e-18
2020-02-19,1.0,0.7080133,7.04887e-19
2020-02-20,1.0,0.6019825,4.902917e-19
2020-02-21,1.0,0.28635943,5.6416917e-20
2020-02-22,1.0,0.9442731,1.2069142e-18
2020-02-23,1.0,0.8485899,3.890826e-19
2020-02-24,1.0,0.000300494,2.2818134e-22
2020-02-25,1.0,8.363988e-05,8.201683e-23
2020-02-26,1.0,2.2823635e-07,8.454759e-26
2020-02-27,1.0,1.9029435e-06,4.951432e-25
2020-02-28,1.0,1.6895768e-09,2.250513e-28
2020-02-29,1.0,3.3603302e-09,2.060874e-28
2020-03-01,1.0,2.1032016e-09,2.3467967e-28
2020-03-02,1.0,3.705082e-12,1.0524253e-31
2020-03-03,1.0,3.250529e-15,1.6328824e-34
2020-03-04,1.0,9.880416e-14,1.3148048e-32
2020-03-05,1.0,1.5433199e-10,2.8447078e-29
2020-03-06,1.0,6.0459545e-14,6.7386154e-33
2020-03-07,1.0,1.9605665e-14,3.910678e-33
2020-03-08,1.0,1.1794725e-12,2.2097187e-31
2020-03-09,1.0,1.754191e-05,4.629474e-24
2020-03-10,1.0,0.00020642209,1.7621931e-22
2020-03-11,1.0,0.0002489079,1.0355131e-22
2020-03-12,1.0,0.3848241,8.107229e-19
2020-03-13,1.0,0.022674847,1.7453092e-20
2020-03-14,0.99983394,0.9988527,6.297353e-16
2020-03-15,0.9930058,0.9997154,4.5671716e-15
2020-03-16,0.90116304,0.9999256,1.28235435e-14
2020-03-17,0.93102473,0.99996734,1.13873026e-14
2020-03-18,0.93851906,0.9999831,1.6702548e-14
2020-03-19,0.26444963,0.99999726,3.078245e-14
2020-03-20,0.0050114775,0.9999999,5.4686842e-14
2020-03-21,0.018260345,0.9999999,7.668619e-14
2020-03-22,0.99999154,0.9996014,3.1000898e-16
2020-03-23,0.9973717,0.99998164,1.2423382e-15
2020-03-24,0.9996489,0.99996066,3.0110436e-16
2020-03-25,0.9825827,0.99999833,6.29411e-16
2020-03-26,0.6316467,0.9999994,1.4572466e-15
2020-03-27,0.00034482524,1.0,1.2626637e-14
2020-03-28,4.934618e-15,1.0,3.316647e-10
2020-03-29,6.838357e-13,1.0,1.636097e-11
2020-03-30,0.9895997,0.999997,3.3083977e-16
2020-03-31,0.017756755,1.0,9.324765e-15
2020-04-01,9.0625497e-07,1.0,1.0511691e-13
2020-04-02,1.4892137e-12,1.0,2.4615349e-12
2020-04-03,1.6404507e-10,1.0,4.7617926e-13
2020-04-04,5.071136e-09,1.0,1.9007621e-13
2020-04-05,3.8884125e-24,1.0,4.7144496e-08
2020-04-06,6.976349e-34,1.0,0.00039153165
2020-04-07,2.4690612e-32,1.0,0.00039780253
2020-04-15,7.344789e-09,1.0,9.213936e-10
2020-04-16,4.272489e-05,1.0,2.1745696e-11
2020-04-17,0.0030093575,1.0,7.937722e-12
2020-04-18,0.00445159,1.0,6.4823867e-12
2020-04-20,5.2836285e-06,1.0,1.225112e-10
2020-04-21,0.00011814227,1.0,3.196383e-11
2020-04-22,0.00035362615,1.0,2.7808925e-11
2020-04-24,0.5081961,0.99999976,1.3499164e-12
2020-04-26,0.34037894,0.99999976,8.7703466e-13
2020-04-28,0.9676223,0.99999857,1.6482356e-13
2020-04-29,0.9821248,0.9999969,2.2430651e-13
2020-04-30,0.980631,0.99999785,2.1779835e-13
2020-05-01,0.9357802,0.99999726,5.442787e-13
2020-05-02,0.9835746,0.9999957,2.6082768e-13
2020-05-04,0.97425395,0.9999918,2.263911e-13
2020-05-05,0.35792774,0.9999981,8.930065e-13
2020-05-06,0.48325974,0.99999666,6.5295875e-13
2020-05-07,0.9034482,0.9999831,2.1247529e-13
2020-05-10,0.96856153,0.9999902,3.7160924e-13
2020-05-11,0.36730307,0.99999654,1.4384567e-12
2020-05-14,0.03285174,0.9999974,3.4503951e-12
2020-05-15,0.059231825,0.999997,3.1779193e-12
2020-05-16,0.22585252,0.9999838,1.8286887e-12
2020-05-17,0.80635333,0.9998797,4.626737e-13
2020-05-18,0.97209734,0.99963,2.1347743e-13
2020-05-20,0.18996887,0.9999709,1.519913e-12
2020-05-21,0.09262476,0.9999187,3.2598347e-12
2020-05-23,0.23183157,0.99940526,3.011027e-12
2020-05-24,0.22111277,0.9923165,2.8574478e-11
2020-05-25,0.101098545,0.6127109,5.612053e-11
2020-05-26,0.00095070153,3.3400993e-05,3.4966916e-08
2020-05-29,3.8403722e-38,0.0,1.0
2020-05-30,0.0,0.0,1.0
2020-05-31,0.0,0.0,1.0
2020-06-01,0.0,0.0,1.0
2020-06-02,0.0,0.0,1.0
2020-06-03,0.0,0.0,1.0
2020-06-04,7.728269e-35,0.0,1.0
2020-06-05,2.0761248e-15,3.9971564e-20,0.9836948
2020-06-06,7.902437e-11,7.231117e-15,0.012991035
2020-06-08,1.1724773e-07,7.625039e-14,0.00020748467
2020-06-10,8.064422e-10,1.665637e-16,0.00885681
2020-06-12,0.0,0.0,1.0
2020-06-13,0.0,0.0,1.0
2020-06-14,0.0,0.0,1.0
2020-06-15,0.0,0.0,1.0
2020-06-17,4.319329e-08,4.0376802e-33,1.0
2020-06-18,0.92559934,0.0,1.0
2020-06-19,0.9922585,0.0,1.0
2020-06-20,1.0,0.0,1.0
2020-06-21,1.0,0.0,1.0
2020-06-22,1.0,0.0,1.0
2020-06-23,1.0,0.0,1.0
2020-06-24,1.0,0.0,1.0
2020-06-25,0.00058786845,0.0,1.0
2020-06-26,3.8407673e-08,2.9981724e-31,0.007921069
2020-06-27,6.041362e-07,1.6385497e-17,2.464874e-09
2020-06-29,2.6928438e-13,1.6771163e-20,1.0599098e-11
2020-06-30,1.5955396e-09,9.330803e-17,1.4735381e-12
2020-07-01,8.993639e-08,5.1532053e-13,1.7888367e-12
2020-07-02,2.956575e-20,9.484439e-31,4.0848043e-08
2020-07-03,2.34446e-29,0.0,0.00037022843
2020-07-04,2.1609054e-29,0.0,0.00022501756
2020-07-05,4.26424e-30,0.0,0.00018571595
2020-07-06,3.1441676e-31,0.0,0.00075318594
2020-07-07,1.6419485e-38,0.0,0.85214514
2020-07-08,0.0,0.0,1.0
2020-07-09,0.0,0.0,1.0
2020-07-10,0.0,0.0,1.0
2020-07-11,0.0,0.0,1.0
2020-07-12,0.0,0.0,1.0
2020-07-13,0.0,0.0,1.0
2020-07-14,0.0,0.0,1.0
2020-07-15,0.0,0.0,1.0
2020-07-17,5.746676e-10,1.1771193e-16,3.0668542e-13
2020-07-18,1.1982036e-09,1.040713e-14,5.164671e-16
2020-07-19,3.1745103e-11,2.0101775e-15,9.114899e-17
2020-07-20,3.3842344e-15,2.6087003e-20,8.008503e-18
2020-07-25,4.4684634e-13,8.959028e-14,9.273252e-16
2020-07-26,1.1048305e-10,5.6099314e-12,4.3181753e-16
2020-07-27,3.4877186e-09,5.4589305e-10,1.0442199e-15
2020-07-28,1.8076052e-07,3.8641534e-07,4.8915683e-15
2020-07-29,9.005996e-06,1.3882518e-06,2.4467862e-15
2020-07-30,9.930322e-08,4.2723116e-07,5.8185056e-15
2020-07-31,2.3241556e-08,4.984891e-06,1.7333418e-14
2020-08-01,5.2950607e-08,1.5257375e-06,1.8101214e-14
2020-08-02,8.175568e-08,3.8419917e-06,3.2031523e-14
2020-08-04,7.991123e-06,0.00019626722,1.6146333e-13
2020-08-05,3.6288006e-07,0.00070933433,4.4719087e-13
2020-08-06,2.1935176e-09,2.4796434e-05,1.9567544e-12
2020-08-08,1.8366377e-08,5.8410937e-10,4.293361e-14
2020-08-10,1.8822936e-06,2.8774239e-09,5.6904677e-15
2020-08-11,3.991465e-09,3.1748176e-08,4.1418497e-15
2020-08-13,2.9533306e-11,1.08828294e-10,2.3078823e-15
2020-08-14,1.575476e-11,1.8059487e-10,4.1855286e-15
2020-08-16,2.8948133e-13,1.0222236e-15,9.2781e-16
2020-08-17,1.1719033e-10,6.795712e-12,2.6961715e-15
2020-08-18,3.36347e-10,2.8471641e-12,1.7026089e-15
2020-08-19,1.5478347e-12,5.251271e-15,9.125972e-15
2020-08-20,7.3632495e-16,1.9122034e-19,7.119705e-14
2020-08-21,3.799021e-15,9.953201e-21,5.5228883e-14
2020-08-22,3.840388e-15,2.4278117e-21,5.6830647e-13
2020-08-23,1.3078236e-14,2.3485537e-19,4.5676428e-11
2020-08-24,3.272818e-12,3.9813513e-17,3.4853207e-11
2020-08-25,4.8715317e-15,7.805885e-23,5.627979e-07
2020-08-26,1.8261124e-20,2.6272885e-33,0.91482556
2020-08-27,1.1716019e-28,0.0,1.0
2020-08-28,0.0,0.0,1.0
2020-08-29,0.0,0.0,1.0
2020-08-30,3.8563533e-26,1.2695435e-33,0.9926644
2020-08-31,4.692375e-18,4.5406913e-25,0.0005339096
2020-09-01,6.143937e-34,0.0,1.0
2020-09-02,9.049877e-30,0.0,1.0
2020-09-03,0.0,0.0,1.0
2020-09-04,0.0,0.0,1.0
2020-09-05,0.0,0.0,1.0
2020-09-06,3.0598574e-26,5.8169554e-29,0.0015940283
2020-09-07,0.0,0.0,1.0
2020-09-08,0.0,0.0,1.0
2020-09-09,0.0,0.0,1.0
2020-09-10,0.0,0.0,1.0
2020-09-11,5.831582e-19,0.0,1.0
2020-09-12,0.0,0.0,1.0
2020-09-13,4.5322604e-34,0.0,1.0
2020-09-14,3.4764108e-26,0.0,1.0
2020-09-15,6.9081673e-31,0.0,1.0
2020-09-16,1.6269859e-29,0.0,0.9016047
2020-09-17,1.8372478e-30,0.0,1.2080993e-06
2020-09-18,2.2363933e-27,7.163657e-38,9.71175e-11
2020-09-19,4.307124e-29,2.1856037e-35,4.0043e-12
2020-09-20,3.350446e-33,6.334554e-38,1.3864839e-11
2020-09-21,1.38902995e-30,1.906523e-33,2.0205854e-13
2020-09-22,2.5990553e-20,3.0172466e-20,4.204732e-15
2020-09-23,5.9491786e-14,8.957807e-12,5.6960276e-15
2020-09-24,2.9604177e-16,9.500112e-17,6.0241926e-16
2020-09-25,1.9599983e-14,1.7060352e-15,1.787363e-16
2020-09-26,9.146942e-10,6.780541e-11,2.9348148e-16
2020-09-27,9.138197e-08,9.76242e-10,1.5539071e-16
2020-09-28,6.331655e-08,1.4520738e-09,3.2732236e-16
2020-09-29,3.791507e-07,5.6531406e-09,3.5323196e-16
2020-09-30,3.451809e-09,7.584556e-10,8.0906507e-16
2020-10-01,1.0532972e-08,2.284267e-09,1.5971118e-15
2020-10-02,1.1348916e-08,1.790099e-09,2.192206e-15
2020-10-03,3.6759612e-08,7.623546e-09,1.6758862e-15
2020-10-04,2.151098e-10,7.2569497e-09,1.0369246e-14
2020-10-05,1.6503763e-07,6.7939854e-09,1.3276584e-15
2020-10-06,1.8131908e-09,4.446841e-10,2.422546e-15
2020-10-07,3.6667585e-09,4.5767213e-11,8.744576e-16
2020-10-08,9.197123e-08,1.4447639e-09,3.8967454e-15
2020-10-09,1.9889788e-09,5.792038e-09,2.3541984e-13
2020-10-10,6.2239844e-09,4.918689e-12,3.2142298e-14
2020-10-11,5.7143673e-10,1.0759974e-11,6.5955996e-14
2020-10-12,5.3232522e-08,5.500651e-11,3.139543e-15
2020-10-13,1.1168406e-06,1.1206635e-10,2.6944952e-15
2020-10-14,1.1913031e-05,1.3062608e-10,4.8749334e-15
2020-10-15,3.7701327e-07,7.486041e-12,6.655898e-16
2020-10-16,1.00129036e-07,3.4438203e-12,7.278021e-16
2020-10-17,2.2771342e-08,2.633064e-13,9.633833e-16
2020-10-18,2.1834254e-08,7.946651e-14,1.6239157e-15
2020-10-19,6.2575047e-09,1.7347607e-14,5.8536368e-15
2020-10-20,3.6119093e-08,4.4629417e-14,4.4893373e-15
2020-10-21,1.9326137e-06,1.2795144e-12,7.269311e-15
2020-10-22,2.9760676e-07,4.4252072e-13,5.6123017e-14
2020-10-23,5.649769e-07,5.0757345e-12,1.8169477e-12
2020-10-24,3.5432295e-06,8.561076e-12,1.9725226e-12
2020-10-25,4.312778e-05,1.7487695e-11,8.4346495e-13
2020-10-26,0.0007800839,4.8857838e-09,1.5724932e-13
2020-10-27,0.05379732,1.1764449e-06,6.8492363e-15
2020-10-28,0.60348237,3.9880608e-05,4.428242e-15
2020-10-29,0.7576225,6.2087136e-05,2.1631726e-15
2020-10-30,0.96681076,0.0003291514,3.2034075e-15
2020-10-31,0.98767114,0.000429224,1.7846114e-15
2020-11-01,0.99607384,0.00030446725,1.1930872e-15
2020-11-02,0.9942972,0.0029398901,5.592381e-15
2020-11-03,0.9997011,0.004945017,1.862667e-15
2020-11-04,0.9999653,0.022810563,6.8612877e-16
2020-11-05,0.999974,0.024748072,1.0290116e-15
2020-11-06,0.99999523,0.13540956,2.0171524e-15
2020-11-07,0.99998677,0.076982856,1.9009052e-15
2020-11-08,0.99999726,0.16610713,1.7094162e-15
2020-11-09,0.99998105,0.025033072,1.5773973e-15
2020-11-10,0.9999974,0.16361555,1.1285713e-15
2020-11-11,0.99999774,0.07082307,1.581434e-15
2020-11-12,0.9999945,0.055552725,1.5230913e-15
2020-11-13,0.9999975,0.04098549,2.6571976e-15
2020-11-14,0.9999974,0.054657247,3.3598453e-15
2020-11-15,0.9999989,0.06999872,2.1385498e-15
2020-11-16,0.9999988,0.02953053,1.4716202e-15
2020-11-17,0.99999595,0.024983566,4.5707795e-15
2020-11-18,0.9999931,0.01929664,4.61025e-15
2020-11-19,0.99999046,0.012182399,2.277569e-15
2020-11-20,0.9999981,0.03618548,2.9913991e-15
2020-11-21,0.99999416,0.015893126,4.8673516e-15
2020-11-22,0.9999962,0.027248442,2.7764457e-15
2020-11-23,0.999997,0.020491367,2.7060731e-15
2020-11-24,0.9999982,0.098604545,2.4753636e-15
2020-11-25,0.9999987,0.12963364,4.256114e-15
2020-11-26,0.9999993,0.12886664,2.7431677e-15
2020-11-27,0.9999989,0.3287695,3.092119e-15
2020-11-28,0.99999964,0.6569141,6.26893e-15
2020-11-29,0.9999995,0.44341555,1.7896222e-15
2020-11-30,0.99999976,0.81830186,2.8158575e-15
2020-12-01,0.9999999,0.89641535,2.0543181e-15
2020-12-02,0.99999964,0.810809,1.586425e-15
2020-12-04,0.99999976,0.9172245,2.3983537e-15
2020-12-05,0.99999976,0.92177045,2.514431e-15
2020-12-06,0.99999964,0.9000352,1.7363686e-15
2020-12-07,0.9999999,0.9562898,2.0799298e-15
2020-12-08,0.9999999,0.92944485,1.3577177e-15
2020-12-09,0.99999976,0.8818101,9.111149e-16
2020-12-10,0.99999976,0.9679808,1.5433511e-15
2020-12-11,0.9999999,0.93799,1.3078231e-15
2020-12-13,0.9999999,0.94795424,9.149077e-16
2020-12-14,0.99999976,0.9607155,1.1228729e-15
2020-12-15,0.99999976,0.96187323,1.7599286e-15
2020-12-16,0.99999976,0.9728487,1.2352828e-15
2020-12-17,0.99999976,0.940751,1.2293361e-15
2020-12-18,0.99999976,0.9058403,1.3015818e-15
2020-12-19,0.9999999,0.9472409,4.077261e-16
2020-12-20,0.9999999,0.8848941,4.9829466e-16
2020-12-21,1.0,0.9157971,4.478662e-16
2020-12-22,0.9999999,0.9474467,7.027161e-16
2020-12-23,0.99999976,0.9613684,1.4642343e-15
2020-12-24,0.9999999,0.9846032,9.270458e-16
2020-12-25,1.0,0.91642237,3.5351367e-16
2020-12-26,0.9999999,0.87673026,4.7488696e-16
2020-12-27,1.0,0.92779034,3.537079e-16
2020-12-28,1.0,0.9657657,3.0836478e-16
2020-12-29,1.0,0.9578886,5.08883e-16
2020-12-30,1.0,0.9473903,2.165954e-16
2020-12-31,1.0,0.9631197,2.5461956e-16
2021-01-01,1.0,0.9646419,1.5228989e-16
2021-01-02,1.0,0.87834644,4.451679e-17
2021-01-03,1.0,0.8694,4.8156897e-17
2021-01-04,1.0,0.8633898,4.012072e-17
2021-01-05,1.0,0.8813314,3.4252073e-17
2021-01-06,1.0,0.9058873,3.6265415e-17
2021-01-07,1.0,0.92465186,3.5383868e-17
2021-01-08,1.0,0.94928795,5.079344e-17
2021-01-09,1.0,0.97783875,4.087132e-17
2021-01-10,1.0,0.93099576,2.2271932e-17
2021-01-11,1.0,0.9416905,1.672921e-17
2021-01-12,1.0,0.91914105,9.509388e-18
2021-01-13,1.0,0.93269277,1.407183e-17
2021-01-14,1.0,0.6772,1.9858536e-18
2021-01-15,1.0,0.74015903,1.9138536e-18
2021-01-16,1.0,0.8368222,4.4360637e-18
2021-01-17,1.0,0.48526618,8.140201e-19
2021-01-18,1.0,0.5617694,5.233462e-19
2021-01-19,1.0,0.524724,4.400247e-19
2021-01-20,1.0,0.4634757,2.5577275e-19
2021-01-21,1.0,0.9004622,5.169689e-19
2021-01-22,1.0,0.8153623,1.3112972e-19
2021-01-23,1.0,0.060958583,1.3942556e-20
2021-01-24,1.0,0.008117818,1.1890713e-21
2021-01-25,1.0,0.0024574483,3.6172615e-22
2021-01-26,1.0,0.00028166242,7.492027e-23
2021-01-27,1.0,0.00029840678,3.527365e-23
2021-01-28,1.0,2.9921237e-05,2.0224982e-24
2021-01-29,1.0,4.8404695e-06,2.0161729e-25
2021-01-30,1.0,1.7748554e-06,4.5890285e-26
2021-01-31,1.0,5.020473e-07,8.869874e-27
2021-02-01,1.0,2.5655138e-06,2.775424e-26
2021-02-02,1.0,1.0013883e-06,1.8769432e-26
2021-02-03,1.0,1.3141598e-06,2.3035167e-25
2021-02-04,1.0,0.00024554195,1.3516874e-22
2021-02-05,1.0,0.9357391,6.1692877e-16
2021-02-06,1.0,0.15421715,4.181491e-15
2021-02-07,1.0,0.00011038401,3.351029e-21
2021-02-08,1.0,4.6685628e-08,1.0979108e-25
2021-02-09,1.0,2.1766478e-08,6.1522917e-25
2021-02-10,1.0,2.022205e-09,3.9488587e-26
2021-02-11,1.0,1.0927668e-11,1.4310043e-28
2021-02-12,1.0,2.19545e-10,5.955205e-26
2021-02-13,1.0,7.768393e-09,3.0347286e-24
2021-02-14,1.0,4.8883397e-08,4.4993467e-24
2021-02-15,1.0,0.0023727473,3.3966451e-18
2021-02-16,1.0,0.012666996,3.9342166e-17
2021-02-17,1.0,0.603031,2.6770985e-15
2021-02-18,1.0,0.98904186,2.0529425e-12
2021-02-19,1.0,0.9999336,4.9915827e-09
2021-02-20,1.0,0.99999106,4.3076276e-09
2021-02-21,1.0,0.9999989,6.911645e-09
2021-02-22,1.0,0.9999918,3.8981085e-10
2021-02-23,1.0,0.9999974,8.1130776e-11
2021-02-24,1.0,0.9999894,4.34865e-12
2021-02-25,1.0,0.9999993,1.3424376e-11
2021-02-26,1.0,0.9999926,4.127504e-12
2021-02-27,1.0,0.9998907,7.107325e-12
2021-02-28,1.0,0.9999993,1.1280448e-10
2021-03-01,1.0,1.0,1.0847226e-10
2021-03-02,0.96556515,1.0,2.3245879e-10
2021-03-03,0.122988835,1.0,4.449163e-11
2021-03-04,0.00016193073,1.0,1.11761884e-11
2021-03-05,0.011373413,1.0,4.389519e-11
2021-03-06,0.999928,1.0,1.6227465e-10
2021-03-07,0.99999046,1.0,7.3838304e-11
2021-03-08,0.44144538,1.0,2.1119721e-10
2021-03-09,0.9730899,1.0,6.6277257e-12
2021-03-10,0.44665405,1.0,1.1682426e-11
2021-03-11,4.213715e-12,1.0,1.1958794e-09
2021-03-12,0.99671185,1.0,3.0182617e-11
2021-03-13,0.5838129,1.0,2.5642458e-10
2021-03-14,8.533982e-05,1.0,2.8580391e-09
2021-03-15,0.0023558247,1.0,1.1148827e-08
2021-03-16,5.2509717e-05,1.0,9.4875155e-08
2021-03-17,1.5571237e-08,1.0,1.9733227e-06
2021-03-18,2.1505226e-11,1.0,5.530965e-06
2021-03-19,1.2224133e-18,1.0,0.0014430933
2021-03-20,3.025541e-07,1.0,1.8518675e-06
2021-03-21,2.664217e-18,1.0,0.051915836
2021-03-22,2.0448566e-31,1.0,0.99766505
2021-03-23,3.1051916e-38,1.0,0.9998814
2021-03-24,0.0,1.0,1.0
2021-03-25,0.0,1.0,1.0
2021-03-26,0.0,1.0,1.0
2021-03-27,0.0,1.0,1.0
2021-03-28,1.932103e-27,1.0,0.9794607
2021-03-29,0.0,1.0,1.0
2021-03-30,0.0,1.0,1.0
2021-03-31,0.0,1.0,1.0
2021-04-01,0.0,1.0,0.99983144
2021-04-02,1.4403619e-31,1.0,1.5109553e-05
2021-04-03,1.1335337e-14,1.0,8.9785015e-09
2021-04-04,1.2834087e-22,1.0,2.0361743e-08
2021-04-05,2.4247446e-24,1.0,8.1578247e-07
2021-04-06,8.1024426e-10,1.0,1.7761943e-10
2021-04-07,2.548793e-14,1.0,1.503606e-10
2021-04-08,4.5558812e-14,1.0,3.3471365e-11
2021-04-09,3.2025002e-17,1.0,1.4176142e-09
2021-04-10,1.2240525e-16,1.0,2.176182e-09
2021-04-11,4.418786e-18,1.0,1.3539463e-09
2021-04-12,0.0004486929,0.9984999,2.1822353e-15
2021-04-13,1.0161737e-08,0.99999857,4.1204063e-13
2021-04-14,2.597813e-07,0.999943,2.0377465e-13
2021-04-15,2.2482363e-05,0.9989893,1.2638442e-14
2021-04-16,0.0008095615,0.99418277,5.5213686e-15
2021-04-17,0.02965909,0.81626225,3.6950108e-16
2021-04-18,0.013727592,0.79787326,5.559621e-16
2021-04-19,0.018760452,0.6120957,4.834043e-16
2021-04-20,0.01076951,0.97753614,2.4881633e-15
2021-04-21,0.9672125,0.9846086,3.8800585e-15
2021-04-22,0.9976452,0.99889034,7.2616905e-15
2021-04-23,0.059240967,0.95113844,6.290225e-15
2021-04-24,0.998599,0.99642843,3.4859654e-15
2021-04-25,0.9982502,0.9996598,7.9594805e-15
2021-04-26,0.86489624,0.99885106,7.2683135e-15
2021-04-27,0.9994729,0.9999031,6.709487e-15
2021-04-28,0.9979906,0.9999944,1.4631601e-14
2021-04-29,0.99805945,0.9999932,1.9886133e-14
2021-04-30,0.98726165,0.9998869,1.032114e-14
2021-05-01,0.98454523,0.99998677,1.9686718e-14
2021-05-02,0.9985234,0.99997675,1.0809738e-14
2021-05-03,0.9929005,0.9999981,2.4466242e-14
2021-05-05,0.9994168,0.9999808,1.0479555e-14
2021-05-06,0.9989178,0.9999924,1.7858824e-14
2021-05-07,0.99891233,0.99998987,1.3619592e-14
2021-05-08,0.98996234,0.99999917,1.4430196e-14
2021-05-09,0.99062717,0.99999917,2.921208e-14
2021-05-10,0.99985015,0.999984,8.9591945e-15
2021-05-11,0.9987249,0.99998856,1.1940347e-14
2021-05-12,0.99972135,0.99993455,4.357976e-15
2021-05-15,0.9999918,0.99955624,1.5168177e-15
2021-05-16,0.9999862,0.9997298,2.503826e-15
2021-05-17,0.99999845,0.9994661,1.1784317e-15
2021-05-18,0.9999943,0.9998882,3.034013e-15
2021-05-19,0.9999871,0.9999081,4.640156e-15
2021-05-20,0.99998534,0.9996165,8.050663e-15
2021-05-21,0.9999871,0.9985807,7.8806565e-15
2021-05-22,0.9999964,0.89678276,1.7226172e-14
2021-05-23,0.9999924,0.035660673,3.1331095e-13
2021-05-24,0.9997676,1.114924e-05,6.642814e-11
2021-05-25,0.99992335,4.6045676e-10,5.2156085e-10
2021-05-26,0.99988747,3.660098e-21,3.6141417e-05
2021-05-27,0.96858674,1.2277846e-38,0.99992836
2021-05-28,0.01472878,0.0,1.0
2021-05-29,3.0358999e-07,0.0,1.0
2021-05-30,6.20404e-12,0.0,1.0
2021-05-31,2.4833542e-16,0.0,1.0
2021-06-01,2.9211043e-20,0.0,1.0
2021-06-02,3.4976085e-29,0.0,1.0
2021-06-03,0.0,0.0,1.0
2021-06-04,0.0,0.0,1.0
2021-06-05,0.0,0.0,1.0
2021-06-07,7.523755e-32,0.0,1.0
2021-06-08,1.0878614e-14,4.1893674e-35,0.99999714
2021-06-09,1.8289429e-20,0.0,1.0
2021-06-10,3.4518356e-24,0.0,1.0
2021-06-11,0.0,0.0,1.0
2021-06-12,0.0,0.0,1.0
2021-06-13,0.0,0.0,1.0
2021-06-15,0.0,0.0,1.0
2021-06-16,0.0,0.0,1.0
2021-06-17,0.0,0.0,1.0
2021-06-18,0.0,0.0,1.0
2021-06-19,0.0,0.0,1.0
2021-06-20,0.0,0.0,1.0
2021-06-21,0.0,0.0,1.0
2021-06-22,0.0,0.0,1.0
2021-06-23,2.1686779e-35,0.0,1.0
2021-06-24,2.85035e-33,0.0,1.0
2021-06-25,6.328122e-33,0.0,1.0
2021-06-26,5.742775e-25,4.846856e-39,1.0
2021-06-27,2.1845463e-19,1.0308779e-30,0.6266143
2021-06-28,2.611082e-11,1.04801e-17,3.6538281e-06
2021-06-29,3.5178477e-10,9.7590435e-15,2.3521846e-08
2021-06-30,3.1697257e-14,6.366518e-20,5.1632487e-10
2021-07-01,5.140966e-23,1.1417484e-30,4.9933135e-10
2021-07-02,8.505261e-32,4.5285228e-36,2.0217963e-09
2021-07-03,1.0802246e-12,9.610463e-21,8.345396e-11
2021-07-06,0.00087947544,2.577044e-07,6.9005435e-12
2021-07-07,8.78572e-06,2.4062883e-06,5.693562e-11
2021-07-08,9.510053e-05,5.115686e-07,7.314696e-11
2021-07-09,5.8412493e-06,3.775153e-09,2.6538363e-10
2021-07-10,1.7435055e-06,5.0504306e-13,2.236943e-09
2021-07-11,9.889226e-09,4.3092043e-17,2.2719882e-05
2021-07-12,0.0021863626,1.04178045e-16,7.0264905e-06
2021-07-13,9.4275697e-07,1.12692e-14,6.820631e-06
2021-07-14,2.4945969e-08,5.0426147e-28,0.889527
2021-07-15,5.7573293e-06,5.6759927e-35,0.9987626
2021-07-16,0.9987282,0.0,1.0
2021-07-17,0.99991035,0.0,1.0
2021-07-18,1.0,0.0,1.0
2021-07-19,1.0,0.0,1.0
2021-07-20,1.0,0.0,1.0
2021-07-21,0.99991953,0.0,0.99999833
2021-07-22,0.9995396,0.0,1.0
2021-07-23,3.6002834e-06,0.0,1.0
2021-07-24,2.3276379e-12,0.0,1.0
2021-07-25,2.8073936e-16,0.0,0.0028664935
2021-07-26,6.04645e-18,7.866304e-29,4.164393e-08
2021-07-27,2.1028584e-15,1.3304648e-26,8.9529394e-08
2021-07-28,1.21389e-12,2.8474102e-22,7.0487447e-09
2021-07-29,1.718384e-10,1.2350694e-32,0.0061208517
2021-07-30,1.4498915e-11,1.16492364e-32,0.003312596
2021-07-31,8.581855e-16,3.6423765e-31,0.005190003
2021-08-01,9.391081e-17,5.832791e-24,0.0029368391
2021-08-02,3.8498528e-28,2.789288e-32,0.9089004
2021-08-03,8.36595e-27,5.9238744e-32,0.99995494
2021-08-04,6.16048e-35,3.450545e-39,1.0
2021-08-05,0.0,0.0,1.0
2021-08-06,0.0,0.0,1.0
2021-08-07,0.0,0.0,1.0
2021-08-08,0.0,0.0,1.0
2021-08-09,1.8217846e-35,0.0,0.005558266
2021-08-10,2.8624743e-28,4.093686e-39,2.7998873e-05
2021-08-11,1.3217372e-28,5.453917e-39,3.9064854e-08
2021-08-12,4.4543696e-29,1.5643742e-32,1.2164588e-11
2021-08-13,3.452593e-20,1.5529727e-21,1.3094818e-13
2021-08-14,1.6958465e-17,1.07649905e-17,8.4346125e-14
2021-08-15,4.8621795e-13,4.0678997e-13,5.4904964e-14
2021-08-16,2.385025e-06,2.958029e-07,7.200841e-14
2021-08-17,0.027366485,0.004341446,1.3561197e-13
2021-08-18,0.59570575,0.26900247,6.804087e-13
2021-08-19,0.98102796,0.9112078,7.629756e-13
2021-08-20,0.9946403,0.20494114,3.677385e-12
2021-08-21,0.9588262,0.0037283944,5.867331e-11
2021-08-22,0.96687317,0.0002672712,2.3458704e-09
2021-08-23,0.9511854,0.0004397901,5.8381247e-08
2021-08-24,0.18862008,0.00021137403,5.117621e-09
2021-08-25,3.4452776e-06,0.0026884314,2.4698212e-12
2021-08-26,6.4849154e-10,1.5495249e-05,6.345461e-12
2021-08-27,2.515861e-07,3.681614e-07,6.3603864e-13
2021-08-28,4.6586113e-11,4.2382202e-11,3.0021155e-12
2021-08-29,1.8518027e-11,1.9183839e-12,4.293595e-12
2021-08-30,8.829903e-12,1.9031555e-14,1.0121989e-11
2021-08-31,3.640554e-10,8.5738005e-17,8.333048e-12
2021-09-01,2.1746382e-09,9.421176e-19,4.0591842e-11
2021-09-02,6.740014e-15,4.734989e-26,7.2572156e-08
2021-09-03,1.3522781e-18,5.033492e-33,2.156772e-05
2021-09-04,1.26677125e-26,0.0,0.07081369
2021-09-05,8.733754e-28,1.1263948e-38,0.00047853598
2021-09-06,7.398904e-29,1.8092474e-37,0.004864194
2021-09-07,7.926514e-30,0.0,0.9601367
2021-09-08,3.798067e-29,2.868023e-38,0.9884084
2021-09-09,2.3539057e-36,0.0,1.0
2021-09-10,3.2659053e-29,2.0849429e-37,0.68712914
2021-09-11,5.9916277e-38,0.0,1.0
2021-09-12,3.1550813e-36,0.0,1.0
2021-09-13,0.0,0.0,1.0
2021-09-14,0.0,0.0,1.0
2021-09-15,4.578408e-29,0.0,0.9997321
2021-09-16,5.045057e-21,1.1057427e-30,0.0007206361
2021-09-17,5.281077e-17,6.498065e-25,3.1134286e-06
2021-09-18,9.574968e-36,0.0,1.0
2021-09-19,9.417526e-38,0.0,1.0
2021-09-20,3.2574994e-26,2.3095323e-35,0.99065864
2021-09-21,1.1573028e-21,4.747917e-28,0.015403393
2021-09-22,1.0720162e-24,2.1702362e-33,0.96427655
2021-09-23,7.244181e-29,0.0,0.99999976
2021-09-24,6.054562e-37,0.0,1.0
2021-09-25,0.0,0.0,1.0
2021-09-26,6.0429446e-33,0.0,0.99998796
2021-09-27,0.0,0.0,1.0
2021-09-28,0.0,0.0,1.0
2021-09-29,3.7620025e-37,0.0,1.0
2021-09-30,0.0,0.0,1.0
2021-10-01,0.0,0.0,1.0
2021-10-02,0.0,0.0,1.0
2021-10-03,0.0,0.0,1.0
2021-10-04,0.0,0.0,1.0
2021-10-05,0.0,0.0,1.0
2021-10-06,0.0,0.0,1.0
2021-10-07,0.0,0.0,1.0
2021-10-08,0.0,0.0,1.0
2021-10-09,0.0,0.0,1.0
2021-10-10,4.0752122e-37,0.0,1.0
2021-10-11,5.847807e-24,0.0,1.0
2021-10-12,1.8699223e-14,0.0,1.0
2021-10-13,1.1319157e-10,0.0,1.0
2021-10-14,2.9421883e-05,0.0,1.0
2021-10-15,0.9998411,0.0,1.0
2021-10-16,0.9999871,0.0,1.0
2021-10-17,0.99999964,0.0,1.0
2021-10-18,1.0,0.0,1.0
2021-10-19,1.0,0.0,1.0
2021-10-20,1.0,0.0,1.0
2021-10-21,1.0,2.4948659e-36,1.0
2021-10-22,1.0,3.5672296e-23,0.99999964
2021-10-23,1.0,6.5345863e-31,1.0
2021-10-24,1.0,0.0,1.0
2021-10-25,1.0,0.0,1.0
2021-10-26,1.0,0.0,1.0
2021-10-27,1.0,0.0,1.0
2021-10-28,1.0,0.0,1.0
2021-10-29,1.0,0.0,1.0
2021-10-30,1.0,0.0,1.0
2021-10-31,1.0,0.0,1.0
2021-11-01,1.0,0.0,1.0
2021-11-02,1.0,0.0,1.0
2021-11-03,1.0,0.0,1.0
2021-11-04,1.0,2.7265282e-37,1.0
2021-11-05,1.0,0.0,1.0
2021-11-06,1.0,5.2382726e-35,1.0
2021-11-07,1.0,8.496909e-14,1.0
2021-11-08,1.0,1.0,1.0
2021-11-09,1.0,1.0,1.0
2021-11-10,1.0,1.0,1.0
2021-11-11,1.0,1.0,1.0
2021-11-12,1.0,1.0,1.0
2021-11-13,1.0,1.0,1.0
2021-11-14,1.0,1.0,1.0
2021-11-15,1.0,1.0,1.0
2021-11-16,1.0,1.0,1.0
2021-11-17,1.0,1.0,1.0
2021-11-18,1.0,1.0,1.0
2021-11-19,1.0,1.0,1.0
2021-11-20,1.0,1.0,1.0
2021-11-21,1.0,1.0,1.0
2021-11-22,1.0,1.0,1.0
2021-11-23,1.0,1.0,1.0
2021-11-24,1.0,1.0,1.0
2021-11-25,1.0,1.0,1.0
2021-11-26,1.0,1.0,1.0
2021-11-27,1.0,1.0,1.0
2021-11-28,1.0,1.0,1.0
2021-11-29,1.0,1.0,1.0
2021-11-30,1.0,1.0,1.0
2021-12-01,1.0,1.0,1.0
2021-12-02,1.0,1.0,1.0
2021-12-03,1.0,1.0,1.0
2021-12-04,1.0,1.0,1.0
2021-12-05,1.0,1.0,1.0
2021-12-06,1.0,1.0,1.0
2021-12-07,1.0,1.0,1.0
2021-12-08,1.0,1.0,1.0
2021-12-09,1.0,1.0,1.0
2021-12-10,1.0,1.0,1.0
2021-12-11,1.0,1.0,1.0
2021-12-12,1.0,1.0,1.0
2021-12-13,1.0,1.0,1.0
2021-12-14,1.0,1.0,1.0
2021-12-15,1.0,1.0,1.0
2021-12-16,1.0,1.0,1.0
2021-12-17,1.0,1.0,0.99998426
2021-12-18,1.0,1.0,0.000474669
2021-12-19,1.0,0.9999999,1.2117852e-08
2021-12-20,1.0,0.9999999,1.465276e-08
2021-12-21,1.0,1.0,2.4473184e-07
2021-12-22,1.0,0.99999964,4.030543e-09
2021-12-23,1.0,0.99999976,3.7780197e-09
2021-12-24,1.0,0.9999981,3.0121444e-10
2021-12-25,1.0,0.99999034,1.5617674e-11
2021-12-26,1.0,0.99985456,5.759539e-13
2021-12-27,1.0,0.9999455,2.3576537e-13
2021-12-28,1.0,0.9999232,1.0086941e-13
2021-12-29,1.0,0.99943024,2.2092112e-14
2021-12-30,1.0,0.9996389,1.4043859e-14
2021-12-31,0.9999999,0.99979526,9.410132e-15
2022-01-01,0.99999964,0.9995159,7.4502485e-15
2022-01-02,0.99999964,0.9997595,4.3604206e-15
2022-01-03,0.9999999,0.9992085,2.1567375e-15
2022-01-04,0.9999999,0.99939346,2.46994e-15
2022-01-05,1.0,0.99779415,1.6351733e-15
2022-01-06,1.0,0.9980786,1.4078987e-15
2022-01-07,1.0,0.99817073,1.8347545e-15
2022-01-08,0.9999999,0.9973742,1.904476e-15
2022-01-09,0.9999999,0.99855644,1.9117332e-15
2022-01-10,1.0,0.99840146,1.8634416e-15
2022-01-11,0.9999999,0.99812824,1.7289594e-15
2022-01-12,0.9999999,0.99848336,1.503671e-15
2022-01-13,0.9999999,0.99767214,1.4950685e-15
2022-01-14,0.9999999,0.9985683,1.5363083e-15
2022-01-15,0.9999999,0.9986412,1.3938814e-15
2022-01-16,0.99999976,0.9992169,2.0377093e-15
2022-01-17,0.9999999,0.9990332,1.1638455e-15
2022-01-18,0.9999999,0.99902177,1.4188219e-15
2022-01-19,0.9999999,0.99906665,1.363115e-15
2022-01-20,0.9999999,0.9992079,1.1544183e-15
2022-01-21,1.0,0.99908185,1.432964e-15
2022-01-22,0.9999999,0.99971277,2.1320986e-15
2022-01-23,0.9999999,0.9999136,1.3376764e-14
2022-01-24,0.9999999,0.9999492,1.4338177e-14
2022-01-25,0.9999999,0.9999465,5.740789e-15
2022-01-26,0.99999905,0.99998546,9.988072e-15
2022-01-27,0.99999964,0.99997807,1.6457938e-14
2022-01-28,0.9999999,0.99996054,7.7512595e-15
2022-01-29,0.99999976,0.999964,5.4426356e-15
2022-01-30,1.0,0.9999633,8.575052e-15
2022-01-31,1.0,0.99981326,3.4816061e-15
2022-02-01,1.0,0.9991473,1.1677946e-15
2022-02-02,1.0,0.9990263,1.6063503e-15
2022-02-03,1.0,0.999879,6.5484634e-15
2022-02-04,0.99999976,0.9999932,6.8521624e-15
2022-02-05,1.0,0.9999616,3.5375264e-15
2022-02-06,1.0,0.99930775,8.308052e-16
2022-02-07,1.0,0.99894387,8.4443266e-16
2022-02-08,1.0,0.9999212,1.5998191e-15
2022-02-09,0.99999976,0.9999913,2.5763678e-15
2022-02-10,0.9999999,0.9999796,1.053623e-15
2022-02-11,0.9999999,0.9999739,4.35196e-16
2022-02-12,1.0,0.99990404,9.8602186e-17
2022-02-13,0.9999999,0.99994814,1.0988378e-16
2022-02-14,1.0,0.99444336,1.4665861e-17
2022-02-15,1.0,0.9725833,2.682799e-18
2022-02-16,1.0,0.7854255,2.57373e-19
2022-02-17,1.0,0.3783059,8.1260504e-20
2022-02-18,1.0,0.08386049,2.8016963e-20
2022-02-19,1.0,0.0057434537,2.3131635e-21
2022-02-20,1.0,0.0010384213,1.5501666e-22
2022-02-21,1.0,0.0002277087,3.4468107e-23
2022-02-22,1.0,2.1849912e-05,6.3623036e-24
2022-02-23,1.0,4.0487894e-06,1.1862064e-24
2022-02-24,1.0,5.8925787e-07,7.783781e-26
2022-02-25,1.0,2.7617497e-09,1.874008e-28
2022-02-26,1.0,2.2428118e-10,1.647672e-29
2022-02-28,1.0,8.812045e-10,9.22292e-29
2022-03-01,1.0,1.6647217e-09,1.9440641e-28
2022-03-02,1.0,3.743434e-06,1.19605805e-23
2022-03-03,1.0,0.017176758,8.367676e-19
2022-03-04,1.0,2.3371667e-12,2.483866e-31
2022-03-05,1.0,3.6404514e-13,1.1544568e-32
2022-03-06,1.0,1.1479816e-13,1.3565412e-32
2022-03-07,1.0,1.421023e-12,3.3801813e-31
2022-03-08,1.0,2.8993047e-10,7.124559e-28
2022-03-09,1.0,3.1274072e-07,1.2764017e-23
2022-03-10,1.0,0.0007565547,1.5157452e-18
2022-03-11,1.0,0.1085769,4.6956214e-16
2022-03-12,1.0,0.56934404,1.9341213e-14
2022-03-13,0.9999974,0.9011168,3.7219088e-13
2022-03-14,0.995869,0.6926255,1.2102414e-13
2022-03-15,0.2559923,0.97167486,3.9085925e-13
2022-03-16,1.1805949e-05,0.9997596,1.5848909e-12
2022-03-17,0.9960961,0.9336298,1.0391103e-14
2022-03-18,0.99999976,0.999203,8.906989e-15
2022-03-19,0.99963903,0.99378794,6.048905e-15
2022-03-20,0.99997485,0.98220557,5.1414412e-14
2022-03-21,1.7015529e-05,0.99983525,5.8968986e-13
2022-03-22,1.7637598e-07,0.9999995,6.6825587e-13
2022-03-23,7.0699885e-10,0.99999964,1.9051975e-13
2022-03-24,2.2165406e-08,0.9999969,6.6332925e-15
2022-03-25,6.989938e-18,1.0,6.8346007e-13
2022-03-26,8.8377644e-10,1.0,1.4420236e-14
2022-03-27,9.490297e-17,1.0,4.2213086e-12
2022-03-28,6.2025615e-23,1.0,3.8644107e-10
2022-03-29,6.031959e-18,1.0,3.696611e-12
2022-03-30,4.0234048e-14,1.0,3.3369978e-13
2022-04-01,4.2057742e-08,1.0,2.183548e-14
2022-04-02,0.08568417,0.99999964,1.5319075e-15
2022-04-03,8.428392e-05,1.0,4.5832133e-14
2022-04-04,0.0009252209,0.9999999,4.7981032e-14
2022-04-07,0.000965467,1.0,2.8234866e-13
2022-04-08,0.13229041,0.99999964,1.1081967e-14
2022-04-09,0.86452794,0.999997,7.021457e-15
2022-04-10,7.161379e-05,1.0,3.251824e-12
2022-04-11,8.456674e-08,1.0,3.488322e-10
2022-04-12,1.3186027e-06,1.0,6.722476e-11
2022-04-13,0.0006555239,1.0,5.614009e-12
2022-04-17,0.008694781,1.0,4.646115e-12
2022-04-19,1.7252881e-09,1.0,9.84599e-10
2022-04-20,0.00082942005,1.0,1.7401244e-12
2022-04-21,0.00058491074,1.0,3.1293009e-12
2022-04-22,2.7112087e-06,1.0,1.36351295e-11
2022-04-24,8.467075e-05,1.0,4.632205e-12
2022-04-25,5.1142473e-07,1.0,5.7593364e-11
2022-04-30,3.437314e-10,1.0,1.6083295e-09
2022-05-01,2.1289425e-06,1.0,7.291072e-11
2022-05-04,1.7433908e-07,1.0,2.7565175e-10
2022-05-05,2.152161e-06,1.0,1.0634013e-10
2022-05-06,4.1946788e-07,1.0,1.6505756e-10
2022-05-08,6.393516e-10,1.0,2.1333173e-09
2022-05-09,1.4785203e-13,1.0,7.9211155e-08
2022-05-11,0.0016595633,0.9999994,1.5933178e-11
2022-05-12,0.00040802194,0.99999857,2.4546348e-11
2022-05-13,0.012731624,0.9999938,1.3352391e-11
2022-05-15,0.6426156,0.9989293,5.5415702e-12
2022-05-16,0.97622275,0.95613027,2.1020125e-11
2022-05-18,0.028371554,0.0020429904,4.6595847e-09
2022-05-19,1.644468e-16,9.494308e-26,0.9999969
2022-05-20,1.0618562e-34,0.0,1.0
2022-05-21,0.0,0.0,1.0
2022-05-22,0.0,0.0,1.0
2022-05-23,0.0,0.0,1.0
2022-05-24,0.0,0.0,1.0
2022-05-25,0.0,0.0,1.0
2022-05-26,0.0,0.0,1.0
2022-05-27,0.0,0.0,1.0
2022-05-28,2.11557e-31,0.0,1.0
2022-05-29,8.346617e-08,1.5606016e-09,6.747331e-06
2022-05-30,0.002497146,0.004707816,4.1496415e-10
2022-05-31,0.055361703,0.86719286,5.8773186e-12
2022-06-01,0.5535892,0.8974381,8.299765e-13
2022-06-02,0.00092184544,0.93277013,4.841529e-11
2022-06-03,9.3845685e-08,0.4022112,3.514248e-09
2022-06-04,3.1649802e-12,0.03580035,9.479556e-08
2022-06-05,8.714718e-13,5.2876283e-05,7.468768e-09
2022-06-07,3.940952e-14,1.749495e-07,3.496012e-08
2022-06-08,3.2176293e-13,2.2693013e-10,3.4489328e-06
2022-06-09,1.6729353e-15,5.2690515e-14,0.00037382537
2022-06-10,6.584913e-22,1.4546985e-21,0.9825615
2022-06-11,1.275692e-29,1.262337e-35,1.0
2022-06-12,5.50385e-38,0.0,1.0
2022-06-13,0.0,0.0,1.0
2022-06-14,4.6491e-39,0.0,1.0
2022-06-15,1.4107429e-37,0.0,1.0
2022-06-16,0.0,0.0,1.0
2022-06-17,0.0,0.0,1.0
2022-06-18,8.856004e-29,3.4757436e-36,1.0
2022-06-19,1.9359889e-29,0.0,1.0
2022-06-20,2.1182764e-30,0.0,0.99999976
2022-06-21,3.178234e-16,2.8883612e-20,5.3694566e-07
2022-06-22,3.7562176e-10,2.428776e-13,1.353883e-11
2022-06-23,2.4433483e-12,3.6199744e-18,3.7019316e-12
2022-06-24,1.0058853e-13,1.1267925e-19,1.2407967e-11
2022-06-25,1.6052179e-14,8.175786e-23,3.7416554e-12
2022-06-27,6.129123e-18,3.4525395e-28,4.6569336e-14
2022-06-28,7.887738e-19,3.965416e-27,1.5335864e-14
2022-07-02,1.1583503e-35,0.0,6.542614e-17
2022-07-03,4.715297e-37,0.0,6.9285546e-20
2022-07-04,1.3421069e-34,0.0,8.8062533e-20
2022-07-05,9.460517e-31,0.0,4.785725e-19
2022-07-06,1.1890189e-33,0.0,1.724272e-20
2022-07-08,1.1723265e-35,0.0,8.334894e-19
2022-07-09,3.1323814e-35,0.0,8.503307e-19
2022-07-10,5.5892923e-36,0.0,3.9344825e-19
2022-07-11,4.347724e-33,0.0,2.5032588e-18
2022-07-12,1.4934262e-31,0.0,5.229932e-18
2022-07-13,8.109987e-33,0.0,1.652069e-17
2022-07-14,4.7469736e-36,0.0,6.732959e-19
2022-07-15,5.664282e-38,0.0,1.612461e-20
2022-07-16,0.0,0.0,2.0858587e-21
2022-07-17,0.0,0.0,2.2326328e-21
2022-07-18,0.0,0.0,1.2527626e-19
2022-07-20,1.7539365e-38,0.0,3.7658276e-19
2022-07-21,8.498054e-34,8.429203e-38,6.7757073e-18
2022-07-22,1.7551657e-33,2.157856e-38,9.847842e-19
2022-07-23,1.3138121e-32,6.9432153e-34,1.9958557e-18
2022-07-24,2.2119265e-25,1.5903842e-27,5.6650715e-19
2022-07-25,5.255704e-21,2.086979e-23,3.8455994e-19
2022-07-26,1.02256035e-20,1.3561136e-22,2.3796586e-18
2022-07-27,1.1824293e-17,7.1568636e-21,1.9864749e-18
2022-07-28,5.1382035e-15,3.0803782e-17,1.2979809e-17
2022-07-29,3.2011313e-10,1.1065715e-12,4.1262178e-17
2022-07-30,6.3400415e-07,8.645137e-09,2.2193407e-16
2022-07-31,9.72974e-06,4.442199e-08,2.1824672e-16
2022-08-01,2.3055734e-06,1.0321682e-08,1.4128746e-16
2022-08-02,2.8979255e-08,2.4244565e-10,1.0336456e-16
2022-08-03,8.558281e-09,4.90578e-11,8.815543e-17
2022-08-04,4.334215e-09,1.7074906e-11,4.5884374e-17
2022-08-05,1.6840743e-10,5.7087457e-10,1.5537233e-16
2022-08-06,8.234583e-12,5.842227e-11,2.55465e-16
2022-08-07,2.5366074e-16,4.3451943e-15,2.0154593e-16
2022-08-08,2.10523e-19,6.203189e-19,6.010486e-17
2022-08-09,4.905972e-24,8.020983e-24,1.8327311e-17
2022-08-10,4.3330226e-25,3.847451e-25,3.2266188e-18
2022-08-11,3.1532965e-31,3.5313208e-32,1.1215783e-18
2022-08-12,0.0,0.0,2.1602148e-20
2022-08-13,0.0,0.0,1.2225426e-20
2022-08-14,0.0,0.0,3.3426317e-19
2022-08-15,0.0,0.0,1.7427156e-19
2022-08-16,0.0,0.0,1.1776597e-21
2022-08-17,0.0,0.0,6.962089e-22
2022-08-18,0.0,0.0,5.1767515e-20
2022-08-19,0.0,0.0,4.529661e-22
2022-08-20,0.0,0.0,3.8124948e-22
2022-08-21,0.0,0.0,1.2828079e-20
2022-08-22,0.0,0.0,2.03386e-20
2022-08-23,0.0,0.0,5.1487263e-20
2022-08-24,0.0,0.0,1.8279952e-19
2022-08-25,0.0,0.0,2.1427778e-17
2022-08-26,0.0,0.0,5.8773783e-22
2022-08-27,0.0,0.0,2.9204855e-24
2022-08-28,0.0,0.0,9.0325005e-21
2022-08-29,0.0,0.0,1.8156735e-19
2022-08-30,0.0,0.0,4.0353757e-23
2022-08-31,0.0,0.0,3.7903707e-27
2022-09-01,0.0,0.0,3.3473026e-26
2022-09-02,0.0,0.0,1.9529865e-25
2022-09-03,0.0,0.0,3.2081201e-27
2022-09-04,0.0,0.0,5.6022933e-28
2022-09-05,0.0,0.0,2.4671456e-28
2022-09-06,0.0,0.0,6.728002e-27
2022-09-07,0.0,0.0,4.4584686e-28
2022-09-08,0.0,0.0,6.043346e-30
2022-09-09,0.0,0.0,6.463118e-30
2022-09-10,0.0,0.0,2.7683656e-30
2022-09-11,0.0,0.0,6.488138e-31
2022-09-12,0.0,0.0,9.155946e-33
2022-09-13,0.0,0.0,6.9572828e-37
2022-09-14,0.0,0.0,5.6475826e-38
2022-09-15,0.0,0.0,0.0
2022-09-16,0.0,0.0,0.0
2022-09-17,0.0,0.0,2.9682793e-37
2022-09-18,0.0,0.0,5.5266567e-38
2022-09-19,0.0,0.0,1.979353e-37
2022-09-20,0.0,0.0,2.5599969e-38
2022-09-21,0.0,0.0,3.0019496e-38
2022-09-22,0.0,0.0,4.300568e-39
2022-09-23,0.0,0.0,0.0
2022-09-24,0.0,0.0,0.0
2022-09-25,0.0,0.0,0.0
2022-09-26,0.0,0.0,0.0
2022-09-27,0.0,0.0,0.0
2022-09-28,0.0,0.0,0.0
2022-09-29,0.0,0.0,3.752024e-39
2022-09-30,0.0,0.0,5.1634337e-37
2022-11-01,0.31404313,8.736399e-18,1.0
2022-11-02,0.9999982,5.084142e-13,1.0
2022-11-03,1.0,2.801327e-07,1.0
2022-11-04,1.0,0.007913788,1.0
2022-11-05,1.0,0.9999422,1.0
2022-11-06,1.0,1.0,1.0
2022-11-07,1.0,1.0,1.0
2022-11-08,1.0,1.0,1.0
2022-11-09,1.0,1.0,1.0
2022-11-10,1.0,1.0,1.0
2022-11-11,1.0,1.0,1.0
2022-11-12,1.0,1.0,1.0
2022-11-13,1.0,1.0,1.0
2022-11-14,1.0,1.0,1.0
2022-11-15,1.0,1.0,1.0
2022-11-16,1.0,1.0,1.0
2022-11-17,1.0,1.0,1.0
2022-11-18,1.0,1.0,1.0
2022-11-19,1.0,1.0,1.0
2022-11-20,1.0,1.0,1.0
2022-11-21,1.0,1.0,1.0
2022-11-22,1.0,1.0,1.0
2022-11-23,1.0,1.0,1.0
2022-11-24,1.0,1.0,1.0
2022-11-29,1.0,1.0,1.0
2022-12-01,1.0,1.0,1.0
2022-12-02,1.0,1.0,1.0
2022-12-03,1.0,1.0,1.0
2022-12-04,1.0,1.0,1.0
2022-12-05,1.0,1.0,1.0
2022-12-06,1.0,1.0,1.0
2022-12-07,1.0,1.0,1.0
2022-12-08,1.0,1.0,1.0
2022-12-09,1.0,1.0,1.0
2022-12-13,1.0,1.0,1.0
2022-12-14,1.0,1.0,1.0
2022-12-15,1.0,1.0,1.0
2022-12-16,1.0,1.0,1.0
2022-12-17,1.0,1.0,1.0
2022-12-18,1.0,1.0,1.0
2022-12-19,1.0,1.0,1.0
2022-12-20,1.0,1.0,1.0
2022-12-22,1.0,1.0,1.0
2022-12-23,1.0,1.0,1.0
2022-12-24,1.0,1.0,1.0
2022-12-25,1.0,1.0,1.0
2022-12-26,1.0,1.0,1.0
2022-12-27,1.0,1.0,1.0
2022-12-28,1.0,1.0,1.0
2022-12-29,1.0,1.0,1.0
2022-12-30,1.0,1.0,1.0
2022-12-31,1.0,1.0,1.0
2023-01-01,1.0,1.0,1.0
2023-01-02,1.0,1.0,1.0
2023-01-03,1.0,1.0,1.0
2023-01-04,1.0,1.0,1.0
2023-01-05,1.0,1.0,1.0
2023-01-06,1.0,1.0,1.0
2023-01-07,1.0,1.0,1.0
2023-01-08,1.0,1.0,1.0
2023-01-09,1.0,1.0,1.0
2023-01-10,1.0,1.0,1.0
2023-01-11,1.0,1.0,1.0
2023-01-12,1.0,1.0,1.0
2023-01-13,1.0,1.0,1.0
2023-01-14,1.0,1.0,1.0
2023-01-15,1.0,1.0,1.0
2023-01-16,1.0,1.0,1.0
2023-01-17,1.0,1.0,1.0
2023-01-18,1.0,1.0,1.0
2023-01-19,1.0,1.0,1.0
2023-01-20,1.0,1.0,1.0
2023-01-21,1.0,1.0,1.0
2023-01-22,1.0,1.0,1.0
2023-01-23,1.0,1.0,1.0
2023-01-24,1.0,1.0,1.0
2023-01-25,1.0,1.0,1.0
2023-01-26,1.0,1.0,1.0
2023-01-27,1.0,1.0,1.0
2023-01-28,1.0,1.0,1.0
2023-01-29,1.0,1.0,1.0
2023-01-30,1.0,1.0,1.0
2023-01-31,1.0,1.0,1.0
2023-02-01,1.0,1.0,1.0
2023-02-02,1.0,1.0,1.0
2023-02-03,1.0,1.0,1.0
2023-02-04,1.0,1.0,1.0
2023-02-05,1.0,1.0,1.0
2023-02-06,1.0,1.0,1.0
2023-02-07,1.0,1.0,1.0
2023-02-08,1.0,1.0,1.0
2023-02-11,1.0,1.0,1.0
2023-02-12,1.0,1.0,1.0
2023-02-13,1.0,1.0,1.0
2023-02-14,1.0,1.0,1.0
2023-02-15,1.0,1.0,1.0
2023-02-18,1.0,1.0,1.0
2023-02-19,1.0,1.0,1.0
2023-02-21,1.0,1.0,1.0
2023-02-22,1.0,1.0,1.0
2023-02-23,1.0,1.0,1.0
2023-02-24,1.0,1.0,1.0
2023-02-25,1.0,1.0,1.0
2023-02-26,1.0,1.0,1.0
2023-02-27,1.0,1.0,1.0
2023-02-28,1.0,1.0,1.0
2023-03-01,1.0,1.0,1.0
2023-03-02,1.0,1.0,1.0
2023-03-03,1.0,1.0,1.0
2023-03-04,1.0,1.0,1.0
2023-03-05,1.0,1.0,1.0
2023-03-06,1.0,1.0,1.0
2023-03-07,1.0,1.0,1.0
2023-03-08,1.0,1.0,1.0
2023-03-09,1.0,1.0,1.0
2023-03-10,1.0,1.0,1.0
2023-03-11,1.0,1.0,1.0
2023-03-12,1.0,1.0,1.0
2023-03-13,1.0,1.0,1.0
2023-03-14,1.0,1.0,1.0
2023-03-15,1.0,1.0,1.0
2023-03-16,1.0,1.0,1.0
2023-03-17,1.0,1.0,1.0
2023-03-18,0.99909973,1.0,1.0
2023-03-19,0.0008355774,1.0,1.0
2023-03-20,0.0,1.0,1.0
2023-03-21,2.3767918e-06,1.0,0.8159244
2023-03-22,3.3404703e-23,1.0,0.99978906
2023-03-23,7.450015e-24,1.0,1.0
2023-03-24,3.9842196e-11,1.0,0.17776681
2023-03-25,1.0,1.0,1.0
2023-03-26,7.014848e-14,1.0,0.9993699
2023-03-27,1.0,1.0,1.0
2023-03-28,1.0,1.0,1.0
2023-03-29,9.224609e-14,1.0,0.005106374
2023-03-30,2.1563096e-15,1.0,0.00038802318
2023-03-31,5.3356666e-11,1.0,0.00011161647
2023-04-04,0.008320388,1.0,6.837796e-09
2023-04-05,1.8290079e-10,1.0,1.76063e-08
2023-04-06,3.7214647e-15,1.0,3.295098e-08
2023-04-07,1.7227962e-16,1.0,3.4833185e-08
2023-04-08,1.6548543e-20,1.0,3.4954857e-07
2023-04-09,1.883747e-22,1.0,1.3448919e-06
2023-04-10,1.5780899e-22,1.0,4.3574352e-07
2023-04-11,5.384444e-14,1.0,4.9522084e-09
2023-04-12,4.849005e-15,1.0,1.986428e-08
2023-04-13,2.442569e-09,1.0,1.1162433e-10
2023-04-14,2.8798544e-14,1.0,8.414886e-09
2023-04-15,1.848546e-14,1.0,1.1177915e-07
2023-04-16,1.389609e-13,1.0,8.2668254e-09
2023-04-17,5.4830515e-12,1.0,1.2858332e-09
2023-04-18,1.0995466e-06,1.0,1.9878767e-11
2023-04-19,0.0010579993,1.0,7.2185845e-13
2023-04-20,0.06208457,0.9999994,1.289421e-13
2023-04-21,2.0771062e-05,1.0,1.1976946e-12
2023-04-22,2.2623258e-06,1.0,1.5914825e-12
2023-04-23,0.00010239179,1.0,2.8958517e-13
2023-04-24,0.99215126,0.9999523,1.1182612e-14
2023-04-25,0.4788801,0.9999982,4.9599285e-14
2023-04-26,0.00040736824,1.0,1.0986173e-13
2023-04-27,4.2048658e-05,1.0,1.770911e-13
2023-04-28,0.07127895,0.99999964,7.7224434e-14
2023-04-29,0.2774233,0.99999964,9.774399e-14
2023-04-30,0.80800843,0.99999666,5.2079438e-14
2023-05-01,0.13737576,0.99999964,1.4730708e-13
2023-05-02,0.7145495,0.99999905,9.717888e-14
2023-05-03,0.99556196,0.9999939,4.7943796e-14
2023-05-04,0.99983156,0.99995875,1.586813e-14
2023-05-05,0.99960667,0.9999579,1.7190822e-14
2023-05-06,0.99941814,0.9999764,2.5687931e-14
2023-05-07,0.99531496,0.99996793,3.2283367e-14
2023-05-08,0.9986327,0.99963784,6.9184825e-15
2023-05-09,0.99962187,0.9995467,5.1847492e-15
2023-05-10,0.9998661,0.9998079,1.1746534e-14
2023-05-11,0.9993826,0.9999522,2.7480076e-14
2023-05-12,0.99891937,0.9999902,1.01970875e-13
2023-05-13,0.999801,0.9999709,8.828447e-14
2023-05-14,0.9999373,0.99997425,1.2288755e-13
2023-05-15,0.9987495,0.99997973,2.2776887e-13
2023-05-16,0.9994029,0.99996364,4.2474173e-13
2023-05-17,0.9997619,0.9999374,1.6150091e-13
2023-05-18,0.9998023,0.9999045,3.6644505e-13
2023-05-19,0.99940217,0.99998426,4.1105574e-12
2023-05-20,0.9963082,0.999938,4.2447387e-12
2023-05-21,0.9995828,0.99989915,9.878347e-13
2023-05-22,0.9999324,0.99945813,2.7259065e-13
2023-05-23,0.9884123,0.9852562,1.5791578e-12
2023-05-24,0.09042063,0.9999778,3.680081e-11
2023-05-25,0.1557226,0.99647945,9.355812e-12
2023-05-26,0.5839732,0.9970168,1.9624842e-12
2023-05-27,0.31340826,0.98152196,3.36579e-12
2023-05-28,0.06992059,0.2305275,2.4091465e-11
2023-05-29,0.021802558,0.0049346946,8.604003e-11
2023-05-30,0.9616902,0.49127656,4.1619846e-13
2023-05-31,0.9999242,0.8269102,1.480077e-14
2023-06-02,0.0,0.0,1.0
2023-06-03,0.0,0.0,1.0
2023-06-04,0.0,0.0,1.0
2023-06-05,0.0,0.0,1.0
2023-06-06,4.6770823e-31,0.0,0.9999337
2023-06-07,4.6225893e-25,3.283287e-33,5.299416e-05
2023-06-08,1.2311264e-19,1.57128e-27,6.2585727e-06
2023-06-09,1.8157783e-18,2.9688186e-25,4.0740915e-07
2023-06-10,5.0214255e-12,2.5756957e-18,4.983779e-10
2023-06-11,1.8600164e-06,8.4908296e-11,1.904282e-13
2023-06-12,4.680187e-09,1.2001055e-11,1.5229093e-10
2023-06-13,1.0427192e-15,2.6407399e-20,7.983506e-06
2023-06-14,8.537795e-11,3.1561142e-15,2.7879133e-07
2023-06-15,2.3303008e-14,6.336628e-17,0.00014411604
2023-06-16,9.455497e-17,1.1767595e-17,0.0005396223
2023-06-17,2.9397448e-16,2.5542481e-18,0.0009779205
2023-06-18,5.2656453e-18,1.1132413e-17,0.005546933
2023-06-19,1.8223315e-15,8.8659456e-13,2.7267999e-05
2023-06-20,3.6003295e-14,1.2433494e-13,0.01003587
2023-06-21,2.9541697e-15,1.9846743e-16,0.038209803
2023-06-22,2.876669e-15,4.309001e-20,0.9595276
2023-06-23,8.5037605e-19,2.118801e-23,0.7753079
2023-06-24,4.9215893e-23,2.305068e-29,0.9790237
2023-06-25,4.9564007e-33,0.0,1.0
2023-06-26,0.0,0.0,1.0
2023-06-27,5.148205e-39,0.0,1.0
2023-06-28,0.0,0.0,1.0
2023-06-29,0.0,0.0,1.0
2023-06-30,0.0,0.0,1.0
2023-07-01,0.0,0.0,1.0
2023-07-02,0.0,0.0,1.0
2023-07-03,0.0,0.0,1.0
2023-07-04,0.0,0.0,1.0
2023-07-05,0.0,0.0,1.0
2023-07-06,0.0,0.0,1.0
2023-07-08,0.0,0.0,1.0
2023-07-09,0.0,0.0,1.0
2023-07-11,2.2637667e-26,1.6029064e-27,8.7728014e-10
2023-07-12,2.9894913e-17,8.694151e-16,1.009671e-15
2023-07-14,9.31615e-17,6.4972986e-17,1.2663773e-15
2023-07-15,8.6250453e-16,7.134641e-15,1.4898926e-16
2023-07-16,1.1873397e-14,3.863369e-15,5.6675663e-16
2023-07-17,4.9908755e-10,1.4351105e-12,3.7724598e-17
2023-07-19,0.614253,0.00016229306,1.3738e-16
2023-07-20,2.9674242e-11,8.224071e-11,4.343601e-16
2023-07-21,2.1405756e-21,5.398092e-17,8.5268695e-16
2023-07-22,9.069583e-21,3.701722e-18,1.0590947e-16
2023-07-24,1.630029e-15,1.2847499e-16,7.118265e-18
2023-07-25,2.3975065e-12,5.3594028e-14,1.2726037e-17
2023-07-26,6.46057e-10,1.5972667e-12,1.671256e-17
2023-07-27,1.6548649e-15,1.3531109e-15,1.4867124e-17
2023-07-28,6.96125e-19,1.2593425e-17,1.8011401e-17
2023-07-29,3.2213566e-17,7.864337e-18,1.11431634e-17
2023-07-30,2.4697583e-17,1.8458373e-17,1.1817302e-17
2023-07-31,5.191436e-16,1.1820872e-16,7.79823e-17
2023-08-01,3.3077523e-17,6.496753e-17,4.481582e-17
2023-08-02,1.6417032e-17,2.1746635e-16,6.579883e-17
2023-08-03,3.166408e-18,1.0116902e-17,1.2700727e-16
2023-08-04,4.9590166e-23,2.691703e-21,5.5783583e-16
2023-08-05,2.6192949e-24,1.3687989e-24,5.1863908e-15
2023-08-06,8.17699e-26,3.4967985e-27,2.4635238e-14
2023-08-07,2.2453274e-26,6.0888227e-28,2.5338794e-13
2023-08-08,8.846203e-31,4.0410217e-34,1.2476797e-10
2023-08-09,7.3419668e-37,0.0,3.095066e-05
2023-08-10,0.0,0.0,0.99999857
2023-08-11,0.0,0.0,1.0
2023-08-12,0.0,0.0,1.0
2023-08-13,0.0,0.0,1.0
2023-08-14,0.0,0.0,1.0
2023-08-15,0.0,0.0,1.0
2023-08-16,0.0,0.0,0.99299777
2023-08-17,0.0,0.0,0.00061540504
2023-08-18,0.0,0.0,3.8924707e-13
2023-08-19,0.0,0.0,1.7360945e-18
2023-08-20,0.0,1.661633e-38,1.2179424e-22
2023-08-21,0.0,0.0,1.350073e-24
2023-08-22,0.0,0.0,1.2592845e-25
2023-08-23,0.0,0.0,4.782165e-27
2023-08-24,0.0,0.0,4.3468913e-27
2023-08-25,0.0,0.0,1.1739552e-28
2023-08-27,0.0,0.0,1.0297082e-27
2023-08-28,0.0,0.0,3.4117533e-30
2023-08-29,0.0,0.0,1.6446775e-28
2023-08-30,0.0,0.0,7.5794755e-30
2023-08-31,0.0,0.0,1.2992349e-31
2023-09-01,0.0,0.0,1.5528262e-34
2023-09-02,0.0,0.0,0.0
2023-09-03,0.0,0.0,0.0
2023-09-04,0.0,0.0,0.0
2023-09-05,0.0,0.0,0.0
2023-09-06,0.0,0.0,0.0
2023-09-07,0.0,0.0,0.0
2023-09-08,0.0,0.0,0.0
2023-09-09,0.0,0.0,0.0
2023-09-10,0.0,0.0,0.0
2023-09-11,0.0,0.0,0.0
2023-09-12,0.0,0.0,0.0
2023-09-13,0.0,0.0,0.0
2023-09-14,0.0,0.0,0.0
2023-09-15,0.0,0.0,8.86441e-39
2023-09-16,0.0,0.0,7.185357e-39
2023-09-17,0.0,0.0,0.0
2023-09-18,0.0,0.0,2.699649e-38
2023-09-19,0.0,0.0,1.6277545e-38
2023-09-20,0.0,0.0,8.662472e-38
2023-09-21,0.0,0.0,3.0255303e-37
2023-09-22,0.0,0.0,2.0105887e-33
2023-09-23,0.0,0.0,8.486354e-35
2023-09-24,0.0,0.0,1.8522957e-35
2023-09-25,0.0,0.0,2.1829137e-34
2023-09-26,0.0,0.0,1.0165596e-34
2023-09-27,0.0,0.0,3.9462803e-35
2023-09-28,0.0,0.0,1.3695014e-35
2023-09-29,0.0,0.0,1.5381934e-34
2023-09-30,0.0,0.0,1.6563259e-35
2023-10-01,0.0,0.0,3.9699856e-35
2023-10-02,0.0,0.0,2.4286108e-34
2023-10-03,0.0,0.0,2.1379245e-35
2023-10-04,0.0,0.0,7.1502943e-34
2023-10-05,0.0,0.0,9.8130415e-34
2023-10-06,0.0,0.0,9.472817e-34
2023-10-07,0.0,0.0,2.1283736e-33
2023-10-08,0.0,0.0,2.1287541e-34
2023-10-09,0.0,0.0,8.308419e-34
2023-10-10,0.0,0.0,3.5675263e-32
2023-10-11,0.0,0.0,7.1423714e-31
2023-10-12,0.0,0.0,2.5747957e-30
2023-10-13,0.0,0.0,9.680961e-29
2023-10-14,0.0,0.0,7.9793107e-28
2023-10-15,0.0,0.0,6.98332e-28
2023-10-16,0.0,0.0,8.350328e-27
2023-10-17,0.0,0.0,4.706628e-25
2023-10-18,0.0,0.0,6.147371e-23
2023-10-19,1.6578594e-38,1.2116857e-38,2.9950426e-22
2023-10-20,1.2431036e-34,8.633451e-36,3.1779336e-22
2023-10-21,7.1245443e-32,7.3388775e-32,6.2928944e-21
2023-10-22,3.3860456e-28,1.1288217e-29,1.7973693e-20
2023-10-23,1.7892408e-29,7.473683e-28,1.7680884e-18
2023-10-24,2.9490188e-26,5.8529978e-27,7.550631e-19
2023-10-25,1.2017192e-24,2.7273487e-23,1.30888486e-17
2023-10-26,2.781423e-26,1.161473e-22,1.5347619e-15
2023-10-27,3.106664e-21,4.0185436e-21,1.9707173e-16
2023-10-28,2.1661396e-20,1.5972234e-20,1.1923489e-13
2023-10-29,2.8371439e-21,4.9556366e-21,3.7696552e-13
2023-10-30,5.030608e-20,3.3731395e-21,5.259155e-13
2023-10-31,8.214949e-18,1.5861486e-20,4.5378598e-14
2023-11-01,4.353253e-17,5.609547e-19,1.5757896e-10
2023-11-02,2.3072597e-13,1.2906536e-17,4.243961e-12
2023-11-03,6.4007057e-13,5.4922473e-17,1.0524326e-10
2023-11-04,2.8504488e-10,1.6619694e-15,3.2867842e-10
2023-11-05,4.28011e-09,1.2501176e-12,3.4478624e-08
2023-11-06,1.14422946e-07,3.7771022e-14,3.100088e-05
2023-11-07,2.6722963e-05,2.1673635e-12,1.46094235e-05
2023-11-08,0.0014805772,1.9798321e-11,0.98503023
2023-11-09,0.027962381,1.11498345e-10,0.9990833
2023-11-10,0.5719763,1.0836762e-10,0.9996474
2023-11-11,0.9944956,6.172979e-10,0.99966574
2023-11-12,0.99996185,1.1394978e-09,0.99995875
2023-11-13,1.0,0.00080133526,0.999969
2023-11-14,1.0,0.9916626,0.9997191
2023-11-15,1.0,0.9923929,0.999783
2023-11-16,1.0,0.9999989,0.99996114
2023-11-17,1.0,0.99998987,0.99478406
2023-11-18,1.0,1.0,0.9970462
2023-11-19,1.0,1.0,0.99734217
2023-11-20,1.0,1.0,0.9793489
2023-11-21,1.0,1.0,0.9994055
2023-11-22,1.0,1.0,0.99798393
2023-11-23,1.0,1.0,0.99417603
2023-11-24,1.0,1.0,0.998321
2023-11-25,1.0,1.0,0.9985318
2023-11-26,1.0,1.0,0.99939144
2023-11-27,1.0,1.0,0.9252046
2023-11-28,1.0,1.0,0.2935184
2023-11-29,1.0,1.0,0.052388005
2023-11-30,1.0,1.0,0.03868038
2023-12-01,1.0,1.0,0.0018558449
2023-12-02,1.0,1.0,0.0005680611
2023-12-03,1.0,1.0,0.00021598978
2023-12-04,1.0,1.0,4.1532435e-06
2023-12-05,1.0,0.9999999,8.662485e-07
2023-12-06,1.0,0.99999976,5.6562175e-07
2023-12-07,1.0,1.0,2.8625636e-06
2023-12-08,1.0,0.99999833,3.0820612e-08
2023-12-09,1.0,0.99999213,4.9419424e-09
2023-12-10,1.0,0.9999994,2.8435446e-08
2023-12-11,1.0,0.99999726,8.284267e-09
2023-12-12,1.0,0.99999726,3.5537273e-09
2023-12-13,1.0,0.99999475,1.3258396e-10
2023-12-14,1.0,0.9999672,9.413952e-12
2023-12-15,1.0,0.9994765,7.318512e-13
2023-12-16,1.0,0.99978274,1.010366e-12
2023-12-17,1.0,0.9999218,3.093646e-12
2023-12-18,1.0,0.99984384,1.7842739e-12
2023-12-19,1.0,0.9997048,7.052092e-13
2023-12-20,1.0,0.99982244,5.2046594e-13
2023-12-21,1.0,0.9994999,2.5354507e-13
2023-12-22,0.9999999,0.9979843,3.7468292e-14
2023-12-23,1.0,0.9991032,4.295417e-14
2023-12-24,1.0,0.9992126,4.883945e-14
2023-12-25,1.0,0.9988424,5.375886e-14
2023-12-26,1.0,0.998418,2.5734225e-14
2023-12-27,1.0,0.9990527,2.695998e-14
2023-12-28,1.0,0.9982284,1.178311e-14
2023-12-29,1.0,0.99845934,1.2621002e-14
2023-12-30,1.0,0.99901044,1.8476015e-14
2023-12-31,1.0,0.9988336,1.00065686e-14
2024-01-01,1.0,0.9985104,6.4785455e-15
2024-01-02,1.0,0.99784553,4.5479782e-15
2024-01-03,1.0,0.9974721,2.8177381e-15
2024-01-04,1.0,0.99427766,1.4595498e-15
2024-01-05,1.0,0.994505,7.4252766e-16
2024-01-06,1.0,0.99383473,1.1878057e-15
2024-01-07,1.0,0.99513066,1.5087213e-15
2024-01-08,1.0,0.9895409,7.3478737e-16
2024-01-09,1.0,0.9900621,8.4982604e-16
2024-01-10,1.0,0.9897367,7.5572703e-16
2024-01-11,1.0,0.9918899,5.912679e-16
2024-01-12,1.0,0.9921977,7.387671e-16
2024-01-13,1.0,0.9893198,4.940888e-16
2024-01-14,1.0,0.9891583,4.6072594e-16
2024-01-15,1.0,0.9780456,2.460807e-16
2024-01-16,1.0,0.98140097,2.0891369e-16
2024-01-17,1.0,0.9831118,2.5965038e-16
2024-01-18,1.0,0.9849332,3.3428918e-16
2024-01-19,1.0,0.9516939,1.07475584e-16
2024-01-20,1.0,0.948815,8.450412e-17
2024-01-21,1.0,0.927074,5.857384e-17
2024-01-22,1.0,0.948837,8.186579e-17
2024-01-23,1.0,0.86784923,3.2822742e-17
2024-01-24,1.0,0.7176946,1.0895167e-17
2024-01-25,1.0,0.6739147,6.2932397e-18
2024-01-26,1.0,0.9914928,2.9177246e-16
2024-01-27,1.0,0.98227304,1.9470001e-16
2024-01-28,1.0,0.9411031,2.4516889e-17
2024-01-29,1.0,0.7965655,1.2966793e-17
2024-01-30,1.0,0.5983766,1.7794774e-17
2024-01-31,1.0,0.9557206,5.205595e-16
2024-02-01,0.9999999,0.95969605,5.3091747e-17
2024-02-02,0.9999323,0.99717677,6.47491e-16
2024-02-03,0.98291665,0.9998714,2.9513537e-15
2024-02-04,0.92473495,0.99995685,3.568973e-15
2024-02-05,1.0,0.85179037,2.943031e-17
2024-02-06,1.0,0.091251105,1.7248e-18
2024-02-07,1.0,0.5401125,4.1897074e-18
2024-02-08,1.0,0.33241856,5.0782173e-18
2024-02-09,0.99986994,0.98145103,1.1633655e-16
2024-02-10,0.097072296,0.99998975,1.208294e-14
2024-02-11,0.9905578,0.9996275,4.781535e-16
2024-02-12,1.0,0.0038586978,6.322686e-20
2024-02-13,0.99438983,0.9974017,1.062073e-15
2024-02-14,0.9933559,0.9928578,6.215018e-16
2024-02-23,1.3031819e-22,0.00048787665,7.744074e-07
2024-02-24,1.34567045e-11,3.5207761e-09,1.5208549e-09
2024-02-25,2.240084e-10,4.3104583e-15,3.4393353e-09
2024-02-26,9.988904e-07,5.751167e-19,1.8181987e-09
2024-02-27,0.9999958,1.1518644e-12,2.1005196e-13
2024-02-28,0.99999833,7.892913e-12,2.358952e-11
2024-02-29,0.9999999,5.7506087e-15,4.1257425e-11
2024-03-01,0.9973122,9.4522656e-14,4.6483176e-10
2024-03-02,0.9999995,6.101561e-14,8.493357e-11
2024-03-03,1.0,3.9623746e-13,5.319979e-10
2024-03-04,1.0,2.7531877e-09,6.1572595e-13
2024-03-05,1.0,2.147637e-11,4.4755965e-12
2024-03-06,1.0,2.0248361e-10,1.0218873e-13
2024-03-07,0.9999951,1.9505753e-09,1.1713722e-16
2024-03-08,1.0,2.1519435e-10,1.679052e-17
2024-03-09,1.0,6.125478e-10,6.530193e-18
2024-03-10,1.0,1.5307816e-07,8.267414e-19
2024-03-11,0.99998116,4.9311357e-08,1.8725506e-20
2024-03-12,0.9936427,2.0875282e-06,7.402495e-20
2024-03-13,0.9999907,2.3199555e-05,1.0145446e-20
2024-03-14,0.40335572,0.002747716,1.0357602e-18
2024-03-15,0.03931195,0.6042111,3.649245e-17
2024-03-16,0.9976199,0.29034534,3.2633458e-18
2024-03-17,0.099518575,0.9878561,6.055201e-17
2024-03-18,0.008387557,0.99919504,1.6569684e-15
2024-03-19,0.046947617,0.99968004,1.4864759e-15
2024-03-20,0.1433743,0.99958116,1.1833691e-15
2024-03-21,0.00013863573,0.9999989,1.3367283e-13
2024-03-22,6.47454e-07,1.0,3.449441e-12
2024-03-23,0.998628,0.9917365,1.8071285e-16
2024-03-24,0.9999962,0.7609078,2.9086204e-18
2024-03-25,0.9957218,0.9978411,2.3341774e-16
2024-03-26,0.8655203,0.9999497,5.782571e-15
2024-03-27,0.115224436,0.99999213,1.9948968e-14
2024-03-28,0.8164357,0.99997854,8.974279e-15
2024-03-29,0.6521709,0.9999913,3.1554596e-14
2024-03-30,0.9973086,0.99991286,4.1054206e-14
2024-03-31,0.24991748,0.9999995,7.6621316e-13
2024-04-01,0.012961452,0.9999999,2.2522492e-12
2024-04-02,0.35970405,0.9999995,7.726912e-13
2024-04-03,0.047680803,0.9999999,9.47664e-13
2024-04-04,0.01133992,1.0,3.8518086e-12
2024-04-05,1.4121755e-05,1.0,6.992603e-11
2024-04-08,0.6089257,0.99999964,7.2205404e-13
2024-04-09,0.8073478,0.999997,6.1623585e-13
2024-04-10,0.022645952,0.9999999,5.5968177e-12
2024-04-11,0.005037184,0.9999999,8.000497e-12
2024-04-12,0.1584735,0.99999976,2.7428999e-12
2024-04-13,0.042683993,0.99999976,4.2751024e-12
2024-04-15,0.00042758597,1.0,1.6447923e-11
2024-04-16,0.9969042,0.99998415,7.8982814e-14
2024-04-17,0.17790346,0.9999999,1.3850876e-12
2024-04-21,3.3949792e-07,1.0,2.784275e-10
2024-04-22,0.00016580652,1.0,2.7002733e-11
2024-04-23,0.5359733,0.9999989,6.4947467e-13
2024-04-24,0.89557296,0.9999957,2.20015e-13
2024-04-25,0.9544671,0.99999344,2.2292034e-13
2024-04-26,0.30235326,0.9999987,1.1613526e-12
2024-04-27,0.2788325,0.99999857,1.8279703e-12
2024-04-28,0.8831218,0.99998975,3.3910025e-13
2024-04-29,0.76986885,0.99999774,4.9755084e-13
2024-04-30,0.21512327,0.999995,5.084297e-13
2024-05-01,0.009351731,0.99999714,1.4898671e-12
2024-05-02,0.24651565,0.99999666,1.4926348e-12
2024-05-03,0.025150022,0.99999857,6.601241e-13
2024-05-04,0.03540129,0.9999906,4.8656744e-14
2024-05-05,0.15581015,0.99984646,1.8592613e-13
2024-05-06,0.019544028,0.9999082,8.1374794e-13
2024-05-07,0.07509754,0.93136394,4.1136396e-12
2024-05-08,0.7948729,0.5743639,7.666554e-11
2024-05-09,0.9996488,0.9452372,8.981056e-12
2024-05-10,0.9673456,0.029619975,2.1629427e-10
2024-05-11,4.0506748e-08,1.5031333e-13,0.015695117
2024-05-12,0.0,0.0,1.0
2024-05-13,0.0,0.0,1.0
2024-05-14,7.3058375e-31,0.0,1.0
2024-05-15,0.0,0.0,1.0
2024-05-16,0.0,0.0,1.0
2024-05-17,0.0,0.0,1.0
2024-05-18,0.0,0.0,1.0
2024-05-19,0.0,0.0,1.0
2024-05-20,0.0,0.0,1.0
2024-05-21,0.0,0.0,1.0
2024-05-22,0.0,0.0,1.0
2024-05-23,0.0,0.0,1.0
2024-05-24,0.0,0.0,1.0
2024-05-25,0.0,0.0,1.0
2024-05-26,0.0,0.0,1.0
2024-05-27,1.2498108e-37,0.0,1.0
2024-05-28,4.6410003e-25,2.1987137e-37,1.0
2024-05-29,3.771492e-19,1.5606513e-29,1.0
2024-05-30,2.8754305e-14,3.4532367e-21,0.9970925
2024-05-31,5.159283e-13,2.4054156e-17,0.86705464
2024-06-01,2.961182e-11,1.9312933e-11,0.0049734837
2024-06-02,1.2230661e-11,2.6143808e-11,0.5764647
2024-06-03,0.0024111439,1.2652325e-08,1.2538475e-06
2024-06-04,0.6376917,4.3051615e-10,0.00038457484
2024-06-05,0.99998033,1.6152965e-08,0.8784613
2024-06-06,1.0,0.00019355779,1.0
2024-06-07,1.0,0.024944244,1.0
2024-06-08,1.0,0.99999654,1.0
2024-06-09,1.0,1.0,1.0
2024-06-10,1.0,1.0,1.0
2024-06-11,1.0,1.0,1.0
2024-06-12,1.0,1.0,1.0
2024-06-13,1.0,1.0,1.0
2024-06-14,1.0,1.0,1.0
2024-06-15,1.0,1.0,1.0
2024-06-16,1.0,1.0,1.0
2024-06-17,1.0,1.0,1.0
2024-06-18,1.0,1.0,1.0
2024-06-19,1.0,1.0,1.0
2024-06-20,0.9998628,9.494458e-25,1.0
2024-06-21,3.5889502e-13,1.626873e-23,0.00040283072
2024-06-22,7.275752e-14,2.1157506e-28,0.41561022
2024-06-23,4.1963486e-09,5.023851e-30,0.5100704
2024-06-24,7.340268e-12,4.5759296e-36,0.99997354
2024-06-25,5.916072e-13,0.0,1.0
2024-06-26,1.2558134e-22,0.0,1.0
2024-06-27,4.6300765e-23,0.0,1.0
2024-06-28,1.3198924e-14,0.0,0.999938
2024-06-29,4.1123623e-15,0.0,0.99703646
2024-06-30,5.2339863e-17,5.49474e-25,3.231315e-06
2024-07-01,3.2087227e-18,4.725547e-28,5.0805218e-05
2024-07-02,5.5329833e-16,3.7665347e-25,3.3626276e-07
2024-07-03,6.9676235e-12,9.593301e-25,1.33849e-07
2024-07-04,8.8225454e-16,7.6090094e-34,0.00030346078
2024-07-05,5.0678643e-18,0.0,0.9972162
2024-07-06,1.1492868e-14,0.0,0.99995756
2024-07-07,3.514348e-17,0.0,0.99358255
2024-07-08,3.0275955e-23,0.0,1.0
2024-07-09,3.1887826e-19,0.0,0.9998996
2024-07-10,1.411696e-14,0.0,0.0004598752
2024-07-11,1.8019289e-26,0.0,0.9999993
2024-07-12,4.1434672e-35,0.0,1.0
2024-07-13,0.0,0.0,1.0
2024-07-14,0.0,0.0,1.0
2024-07-15,6.0376517e-31,0.0,0.665925
2024-07-16,2.4906554e-27,0.0,0.00018444781
2024-07-17,2.3745335e-27,0.0,6.356982e-08
2024-07-18,1.1172466e-36,0.0,0.00070749735
2024-07-19,0.0,0.0,1.0
2024-07-20,0.0,0.0,1.0
2024-07-21,0.0,0.0,1.0
2024-07-22,0.0,0.0,1.0
2024-07-23,0.0,0.0,1.0
2024-07-24,0.0,0.0,1.0
2024-07-25,0.0,0.0,1.0
2024-07-26,0.0,0.0,1.0
2024-07-27,0.0,0.0,1.0
2024-07-28,2.2253564e-34,0.0,0.0021807856
2024-07-29,1.6762559e-24,3.7068614e-28,8.996342e-10
2024-07-30,4.3845877e-16,7.917383e-16,8.273745e-14
2024-07-31,2.2517077e-12,1.05601174e-10,7.301192e-14
2024-08-01,5.7786115e-12,9.069538e-08,2.3302353e-13
2024-08-02,5.186246e-10,8.3193434e-08,1.2539857e-13
2024-08-03,2.2951216e-11,2.0947142e-07,7.3654245e-13
2024-08-04,2.7438416e-12,1.6706126e-09,2.5159353e-13
2024-08-05,5.552383e-12,7.0018995e-09,2.1478407e-12
2024-08-06,5.973133e-11,1.7287205e-09,1.1827261e-11
2024-08-07,2.5041286e-10,1.645121e-08,1.0758168e-11
2024-08-08,1.9021338e-12,4.1696147e-12,3.631441e-10
2024-08-09,6.6644166e-14,1.282744e-13,3.890011e-11
2024-08-10,1.0986711e-14,3.9797287e-16,3.241906e-10
2024-08-11,2.9538766e-15,2.8552597e-17,8.334293e-11
2024-08-13,9.81075e-13,2.1595727e-12,1.724991e-14
2024-08-14,9.143679e-14,7.312628e-12,1.3418999e-15
2024-08-16,1.5246104e-20,1.3352655e-17,1.1376567e-16
2024-08-17,4.1417563e-22,2.0730135e-16,8.8989645e-17
2024-08-18,3.0582826e-18,1.4779429e-16,5.9335965e-18
2024-08-19,1.1427275e-17,2.9693304e-16,1.030236e-17
2024-08-20,7.579844e-17,5.701279e-18,1.0287314e-18
2024-08-21,1.9526678e-16,4.2833103e-17,1.2432466e-18
2024-08-22,4.8488655e-19,3.2746403e-20,3.863214e-19
2024-08-23,2.965314e-22,8.037101e-22,8.8454094e-20
2024-08-24,2.2989444e-24,9.872942e-24,9.0527494e-21
2024-08-25,2.4753157e-23,1.5791256e-22,2.5323968e-20
2024-08-26,1.0753958e-23,2.3809911e-20,1.4635946e-19
2024-08-27,2.2802089e-25,3.0964517e-22,1.2540296e-19
2024-08-28,4.362721e-28,2.0269682e-26,3.1504151e-21
2024-08-29,1.5270384e-34,3.436358e-32,5.955305e-23
2024-08-30,0.0,1.38502564e-36,3.48341e-24
2024-08-31,0.0,0.0,2.083024e-25
2024-09-01,0.0,0.0,5.230173e-25
2024-09-02,0.0,2.82828e-38,4.531834e-24
2024-09-03,0.0,6.258414e-38,7.4397346e-24
2024-09-04,0.0,8.1183e-36,1.725606e-22
2024-09-05,1.0562465e-38,2.2252259e-37,9.691303e-22
2024-09-06,0.0,0.0,3.3741082e-19
2024-09-07,6.340909e-39,0.0,9.212316e-18
2024-09-08,4.0529493e-37,0.0,1.0696553e-16
2024-09-09,2.3377472e-34,0.0,3.9731907e-16
2024-09-10,7.7036536e-30,2.4032486e-34,2.33165e-16
2024-09-11,7.641598e-24,2.7707018e-29,8.066271e-17
2024-09-12,3.5060414e-27,5.897243e-33,5.4098686e-15
2024-09-13,2.5512246e-29,5.5869714e-35,5.559987e-14
2024-09-14,3.320881e-29,2.2661409e-35,5.491274e-13
2024-09-15,6.2701592e-27,9.594868e-34,6.6964568e-12
2024-09-16,3.7811822e-29,9.1495825e-35,4.6825797e-09
2024-09-17,2.3348398e-28,2.8651106e-33,6.5993664e-09
2024-09-18,1.7913353e-24,3.1366342e-30,2.6415266e-08
2024-09-19,0.0,0.0,0.9998211
2024-09-20,3.655473e-39,0.0,0.9477602
2024-09-21,0.0,0.0,1.0
2024-09-22,0.0,0.0,1.0
2024-09-23,0.0,0.0,1.0
2024-09-24,0.0,0.0,1.0
2024-09-25,0.0,0.0,1.0
2024-09-26,0.0,0.0,1.0
2024-09-27,0.0,0.0,1.0
2024-09-28,0.0,0.0,1.0
2024-09-29,0.0,0.0,1.0
2024-09-30,2.6300134e-35,0.0,0.9999976
2024-10-01,3.0397468e-23,1.1333695e-29,1.2973184e-08
2024-10-02,2.2784333e-19,2.5411672e-25,2.1222854e-10
2024-10-03,4.2330048e-17,7.0080797e-22,5.87777e-11
2024-10-04,3.3407406e-14,1.1639814e-18,1.9984975e-12
2024-10-05,1.5762344e-10,2.7148518e-15,4.718995e-11
2024-10-06,8.2459917e-07,1.7601547e-10,7.7270124e-10
2024-10-07,5.950275e-07,7.703668e-11,2.9523197e-09
2024-10-08,1.840875e-07,9.405634e-10,7.724713e-10
2024-10-09,3.1030487e-07,4.26684e-09,8.2937066e-07
2024-10-10,4.3491336e-06,1.8447821e-09,4.616893e-07
2024-10-11,0.0004189292,1.1203605e-09,1.2983677e-06
2024-10-12,3.3842318e-06,5.3155363e-10,8.521162e-07
2024-10-13,2.241168e-05,1.6583257e-10,6.5419217e-06
2024-10-14,0.001055744,8.025933e-11,0.00029605193
2024-10-15,0.016719231,1.857165e-11,0.08709592
2024-10-16,0.0036820406,1.8406478e-10,2.1215354e-07
2024-10-17,0.95710695,1.0561959e-12,0.9994653
2024-10-18,0.00020247724,1.155414e-15,0.9941782
2024-10-19,1.8831457e-05,1.1693026e-13,0.9985682
2024-10-20,8.287419e-06,4.6326574e-15,0.98333687
2024-10-21,9.825959e-07,1.8980069e-15,0.99979585
2024-10-22,1.0880641e-05,8.829645e-17,0.99946517
2024-10-23,5.0910265e-05,9.581428e-15,0.4129416
2024-10-24,0.9755948,1.5964852e-14,0.9999999
2024-10-25,0.9970311,1.0921305e-16,0.99999404
2024-10-26,0.14034821,9.146266e-13,0.48981425
2024-10-27,0.11837156,2.522486e-12,0.34996045
2024-10-28,0.89303803,1.3990509e-12,0.95895344
2024-10-29,0.92190117,9.066684e-12,0.06151361
2024-10-30,0.043638337,9.876436e-11,3.1214258e-06
2024-10-31,0.0058618807,1.5575143e-10,1.951619e-07
2024-11-01,0.5357825,1.1022548e-09,0.000916311
2024-11-02,0.92684245,5.3179705e-10,8.931498e-06
2024-11-03,0.9125797,3.5480262e-08,4.9502563e-07
2024-11-04,0.054389603,1.3956867e-07,1.05996236e-07
2024-11-05,0.99417615,1.941016e-08,3.4625575e-06
2024-11-06,0.9998147,6.7842993e-09,3.1505974e-06
2024-11-07,0.9999168,4.9165976e-08,9.986827e-07
2024-11-08,0.9999976,7.2473256e-08,8.976825e-06
2024-11-09,0.9999987,2.4871406e-07,5.215465e-07
2024-11-10,0.99999964,3.8822972e-07,1.2768088e-07
2024-11-11,0.99999976,1.9708984e-06,8.600766e-08
2024-11-12,0.9999976,4.04531e-05,5.9932326e-10
2024-11-13,0.99998784,0.0001275543,1.2309429e-12
2024-11-14,0.99999404,0.00048739414,2.3405305e-12
2024-11-15,0.99999976,0.00017212817,1.3520257e-10
2024-11-16,1.0,1.9303356e-05,2.8983993e-09
2024-11-17,1.0,0.00023441079,8.7092983e-10
2024-11-18,1.0,0.0024756643,1.1619136e-11
2024-11-19,1.0,0.0018254513,2.412241e-11
2024-11-20,1.0,0.0053013065,7.38942e-12
2024-11-21,0.9999994,0.09819496,3.4256324e-13
2024-11-22,0.9999995,0.115016,3.2745334e-13
2024-11-23,0.99999976,0.24513564,6.280964e-13
2024-11-24,0.9999999,0.22976069,6.2452224e-13
2024-11-25,1.0,0.0340998,3.650516e-11
2024-11-26,1.0,0.012097992,8.605255e-10
2024-11-27,1.0,0.023805147,3.7849562e-10
2024-11-28,1.0,0.014430414,7.777295e-11
2024-11-29,1.0,0.067868695,1.1066269e-11
2024-11-30,1.0,0.17718907,1.6925288e-12
2024-12-01,1.0,0.16065562,5.7760296e-13
2024-12-02,1.0,0.159627,4.1452372e-13
2024-12-03,1.0,0.108542755,6.3964615e-12
2024-12-04,1.0,0.17988524,2.905639e-13
2024-12-05,1.0,0.07064392,3.3768502e-12
2024-12-06,1.0,0.014388819,3.8652987e-12
2024-12-07,1.0,0.123457804,4.499904e-13
2024-12-08,1.0,0.22517094,3.5117886e-13
2024-12-09,1.0,0.17488833,4.0070537e-14
2024-12-10,1.0,0.3037547,3.116515e-14
2024-12-11,1.0,0.6477556,1.5293188e-14
2024-12-12,1.0,0.7317277,3.2388941e-15
2024-12-13,1.0,0.58974373,1.322271e-14
2024-12-14,1.0,0.49036035,1.4256803e-14
2024-12-15,1.0,0.4961657,1.1951695e-14
2024-12-16,1.0,0.14657174,1.4744285e-13
2024-12-17,1.0,0.2745599,4.5016098e-14
2024-12-18,1.0,0.32500285,4.9143696e-14
2024-12-19,1.0,0.09825574,8.500815e-14
2024-12-20,1.0,0.21905899,2.563155e-14
2024-12-21,1.0,0.08465797,1.7315947e-13
2024-12-22,1.0,0.045635216,1.8616956e-13
2024-12-23,1.0,0.26185307,3.509316e-14
2024-12-24,1.0,0.28895447,1.4667787e-14
2024-12-25,1.0,0.28866407,1.0825336e-14
2024-12-26,1.0,0.24264246,1.8534182e-14
2024-12-27,1.0,0.31333,1.891225e-14
2024-12-28,1.0,0.40330532,1.4090168e-14
2024-12-29,1.0,0.5245547,5.589139e-15
2024-12-30,1.0,0.41068172,3.1426587e-15
2024-12-31,1.0,0.23728195,2.432213e-15
