,h0,h1,h2,h3,h4,h5
aphanizomenon,0.011415153481135263,0.0012711795397072978,0.010647194797659382,0.002283426240345118,0.002902966445317924,0.0007272498852895692
askenasia,0.0014073100733708107,0.0033236917271602406,0.0013163809814220123,0.0016464135927134655,0.001931015994375341,0.0012982599396108938
asplanchna,0.0014983512227703245,0.0028895104362133216,0.0007733193004662213,0.0014424166260830554,0.0027354762568822114,0.003202394193738494
asterionella,0.06111171199517153,0.03003867649238325,0.03235945606366884,0.02422484961061593,0.056375801345784085,0.03465841693565616
aulacoseira,0.038719737238781214,0.0024298657586915707,0.05515931038070487,0.006124938771280009,0.04055989690966879,0.05702315761067475
bosmina,0.0004216350006908892,0.001284484478879385,0.0020281766076751377,0.0008253372389659195,0.0008136281681589267,0.003963506465750305
centric_diatom,0.04001026207750957,0.023217562102322127,0.009727854397556496,0.0208273446666851,0.03476157089262413,0.10130234570398924
ceratium,0.015601489575671163,0.011458978122411817,0.013179107372094467,0.009746135007231751,0.020406157175583993,0.007186007492414447
chaoborus,4.945967842352228e-05,7.36108516217583e-05,3.4155082780175266e-05,9.547956496364408e-05,6.769654563523622e-05,5.3799606874711526e-05
chlorophyte,0.045942121040840125,0.05325112193241901,0.0580833456766304,0.05186581488313585,0.04603514718523954,0.05872534463078103
chlorophyte_colonial_dividing,0.05777249268292336,0.05382701723257599,0.05368723517950113,0.06697590612974384,0.04689591937516847,0.04095715674355075
chlorophyte_elongated,0.011133575906828593,0.011014945781426479,0.005960966355142367,0.004710376641176933,0.0026610863964349365,0.005080983628012985
chlorophyte_frame,0.008093362876226397,0.013467758580022263,0.001233376133877707,0.0011904030425659237,0.0028587012325411902,0.0011981797069643666
chlorophyte_square,0.023283597153422105,0.04367607728447274,0.0258900990386379,0.030940615676945137,0.02761894489971482,0.019099895604127528
chroococcales,0.01649597133951761,0.050926090935392875,0.012737345709503382,0.035841042441038036,0.03925289966075041,0.016183280680558534
chydorus,7.161742118599814e-05,0.00035428823181528037,0.0020176848048931695,0.00012085264367330594,0.00018735473501980336,0.00028295691491489933
ciliate,0.00031112959742390846,0.00043344577374228364,0.0003315719628076314,0.0004513807067763285,0.0001768671547657323,0.0010203866704027486
ciliate_big,2.0988204804056875e-05,1.791820906889429e-05,4.0864347708262025e-05,4.127291393696844e-05,6.460277307945236e-05,9.264030382566231e-05
ciliate_blue,0.015108974911147743,0.015399915000561188,0.015982818705849302,0.01105129810260185,0.01204687744877096,0.01427504197692566
ciliate_green,0.0015433336736478454,0.004200110077483723,0.00046612883177553783,0.001647788508051947,0.0013483510782915588,0.0010633626723503366
ciliate_round,0.0011595820376810995,0.001451435952148245,0.0008918229121367106,0.0005390227293170275,0.0006990466600567244,0.004196205615196889
closterium,0.020865912666519,0.010485272252489358,0.031078944782990257,0.03400497145647183,0.014057827993178553,0.017724662113548582
coelastrum_reticulatum,0.017656134363128847,0.00597308618050595,0.0176360084608551,0.015151529450150048,0.002706723711358587,0.0020281068434483862
coelosphaerium,0.008173873144688744,0.03335474782926809,0.005430066880137509,0.0111071046627549,0.009401599750716288,0.0004937783469842935
coleps,0.00018192491028771373,0.0002568019868806283,0.0005732818850428557,0.0003355277645928185,0.00012774201113287853,0.00011805407346770878
collotheca,0.004921022204771229,0.004574033534826492,0.0012326269817631882,0.0009129705103273965,0.0017990686179974631,0.00031131947170640886
conochilus,0.00021007987761704518,0.0007706544036943896,0.00020816333627863323,0.0012630759430624688,0.0005865345383994005,0.0025852118977315194
cosmarium,0.011956373203896994,0.011589305410617284,0.006241713415810036,0.007168878597603975,0.0074036196430198944,0.0033084986679649897
cryptophyte,0.05230420549923861,0.04986548493072731,0.06300186604768873,0.057995245047962024,0.04372090006058632,0.07460634870506642
cyanobacteria_colonial_blue,0.028143933865940964,0.03336915991945029,0.06110573671542138,0.03963465223991957,0.031119668008199167,0.006273587720826534
cyanobacteria_colonial_clathrate,0.005360711364314328,0.0007442210798663353,0.001418314259454141,0.001284401953160182,0.002113610680964965,0.00014474645576099723
cyanobacteria_colonial_probably,0.04713882469216202,0.053498466556872556,0.0703843392431429,0.08559315522251798,0.0527569873564202,0.03968395000980371
cyanobacteria_filamentous,0.03655528044381185,0.0021348119578875084,0.03544695181240067,0.012249055794713958,0.009175492382021038,0.0021016872588877885
cyclops,0.017907570554689778,0.02035353444456318,0.021566556364444947,0.02191898654566739,0.014089172797186517,0.014774650827078378
daphnia,0.016733838187671136,0.01365619941291232,0.032844987928883455,0.020245397018013294,0.025574184526140523,0.020909416031448195
daphnia_cucullata,0.00024222538071767645,0.0016291110092744106,0.0067343011448721115,0.001003473328543705,0.0017465647363017393,0.0005187417987038954
diaphanosoma,0.000617615523347223,0.008333888755527201,0.002466349702150523,0.0019439134635016726,0.0010271267408907558,0.00014961570465017133
didinium,0.0004993497676147744,0.000804232759233412,0.0004131680373748372,0.0003700558880046731,0.00048674321960141776,0.0005604632057898005
dinobryon,0.014987859067860458,0.030298803584839523,0.010217416262259187,0.043906928044653105,0.05200252283562194,0.0019472545236196312
dinoflagellate_diamond,0.00029355025257996465,0.0021114657237524897,0.001735892289306969,0.00033999235155674645,0.00017440802938952665,0.05654119267856007
dolichospermum,0.011141715660974726,0.0012696817442018242,0.007168748440052493,0.004692425521846247,0.00532701728706092,0.00035116707248418233
eudiaptomus,0.012248000199233739,0.011787106549420293,0.01294824597227789,0.017729578394546884,0.011883015130475053,0.02244736548918692
fragilaria,0.06670538021958705,0.01630306879157591,0.028209482662793557,0.02308175490027669,0.05616203353001369,0.00710840931054469
gonium,0.001376420850645717,0.003185906223785721,0.00010016963881711114,0.0001722558568205195,0.0008789470464490691,7.102138808277553e-05
gymnodinium,0.00864089699722791,0.01555082115748293,0.008967427259627727,0.0037925918832280915,0.007455443218352271,0.012683691139589325
kellicottia,0.0038455022855840982,0.0026556616848909262,0.0023776971076012003,0.002439460825890757,0.0019161628968327273,0.0049105485624881115
keratella_cochlearis,0.008227080466134771,0.004754876391944019,0.004694863597083041,0.00767081605071672,0.007770829864121582,0.0034342586126159865
keratella_quadrata,0.003809106867106949,0.0019242532581953938,0.0010114596928472565,0.00222065462603526,0.0034415087301575033,0.002001954465569387
leptodora,0.0005649013526865224,0.001118151642207042,0.0033465675160400366,0.0013736852271853059,0.0018819057164173934,0.0005589636947165025
limnoraphis,8.819946687395265e-05,0.0007835522709567932,0.007294963644168177,0.0002900383763843272,0.0005654970248045761,0.0005007563551451637
mallomonas_akrokomos,0.005569615274775199,0.008856123177838049,0.005357356463802025,0.010171236366635174,0.004560630664498745,0.02038914958010077
mallomonas_big,0.01652220739145924,0.024538889577520078,0.014201810468013136,0.015950264436961868,0.026525339441416496,0.03388045889141513
nauplius,0.015003037385991446,0.02531654990960161,0.01871360738841393,0.023368451759199986,0.01617877385123493,0.029861428331056823
oocystaceae,0.033500096820023584,0.052545461553704285,0.07535399220686047,0.06309051249793712,0.048098949017006926,0.03937549864914354
pandorina,0.006371992986797098,0.0019976134375158322,0.0019901014301459395,0.0015411797425246402,0.0015217354629541012,0.0011034565622132888
paradileptus,0.01043968385043906,0.004425049903960341,0.010592830886481325,0.006550597943376015,0.014000790963994345,0.0023135024018908173
pediastrum,0.0033846890389572313,0.0022471579395203756,0.004537115959883135,0.0024408257050024056,0.0009929900778267993,0.0004860415568146091
pennate_diatom,0.04140049949603477,0.013436050516496892,0.0038199369879730713,0.0013657713895345548,0.0046702046728887645,0.0053739927515543615
peridinium,0.012138170352408925,0.012468691493560601,0.006390076569588075,0.004964273667850796,0.005330554918452005,0.004842632851881452
phacotus,0.0071361783620335585,0.009041213006404328,0.003273657139030001,0.003933808172952808,0.005926500181938211,0.000782028334148146
plankton_x,3.5658233424923e-05,4.542426182994345e-05,3.717825503478523e-05,4.255122130968999e-05,2.7542510578505387e-05,2.256310178109032e-05
plankton_y,0.002739109628845731,0.0032825371287697287,0.0023482021538434746,0.001828671657849162,0.0027371556705239578,0.008737233531732187
plankton_z,0.0021668084982627697,0.010810701205934189,0.0020039891670832234,0.0016927351605855953,0.005414740675388833,0.0006654413749697622
planktosphaeria,0.00084641480461716,0.0013577837863087954,0.00029544057468372693,0.0007337179043091896,0.0011283956813649665,0.0012333032219187386
polyarthra,0.0003659510310162939,0.0015505202535636418,0.00023529278008796244,0.0005534935730739981,0.0002988670651122278,0.0016447291028646993
protist_like_ciliate,0.011778041020749667,0.017277739476143892,0.012438711524826498,0.006381087702167098,0.007846159623170581,0.0035808609590371704
rhodomonas,0.018184536210032826,0.0319446642983019,0.029607613942112615,0.019334980468869032,0.01841783786152211,0.06313249965599237
rotifer,0.014983734160785911,0.023734970316626042,0.010319986934121035,0.019770468648455997,0.01882201943322013,0.01888681251711828
rotifer_long,0.0001965904471521634,0.00037090548566172973,0.00010236272556111863,0.00017713220706042454,0.00010700211213997685,0.00012749466080729123
rotifer_z,0.00011048156367808164,0.00020523074748479974,7.405226594050017e-05,0.00012915392023784902,0.00012279244735791082,3.7351891602317756e-05
scenedesmus,0.005384510437145123,0.016148335193501857,0.009609062124526294,0.008413708545475832,0.009745139027830632,0.00402613615342573
snowella,1.7962929612330143e-05,0.000501079688862864,0.0010526786411673103,8.773802790136939e-05,0.00014793239465515082,3.3248509950117165e-05
staurastrum,0.008432689492043965,0.003862470481179695,0.004246723892978704,0.006847420299803001,0.004716083231660898,0.00496490019048965
strombidium,0.002583897552134768,0.003875977581848651,0.0014609415292794945,0.0015064980524054493,0.0018863406292001228,0.0027630801721262774
synchaeta,0.0016012532018916446,0.0021648800523838357,0.0004922679101365649,0.0012439887573451182,0.006876504098769523,0.022965590789835212
synedra,0.0031810302226356413,0.004699415245219721,0.0014817416592465694,0.004050390685714524,0.008869294482782866,0.004553522861077096
synedra_angustissima,0.0030786569185110935,0.0027865934989627916,0.0015601433073756845,0.0007058392814195373,0.009782802861000963,0.021327450293167828
synura,0.0004010841606736075,0.0001578131256318815,0.000329726072083236,0.0007192812310632042,0.0008771479180237529,0.00022176931488029282
tetraedron,0.003226174584985486,0.012824582408955582,0.006116615161883068,0.004773606386811532,0.004250341295465078,0.0036161120049010963
tintinnid,0.0025102108576970173,0.0015640609894414076,0.0018925434970618888,0.0013840004047745251,0.0012285336411195166,0.0046004283881599444
trichocerca,0.0018820515379326926,0.004546804461866571,0.0019199568926451585,0.0023960553123669394,0.002543618329368569,0.0018739924299322256
uroglena,0.00855475186716609,0.030620721094030415,0.016970441654144366,0.0893973386400516,0.055930097460252876,0.0136776988469605
vorticella_epistylis_like,0.003702883153997955,0.003649942752998367,0.0027693161099084295,0.0019685275450183584,0.0026643158796033615,0.00845959470997081
