,h0,h1,h2,h3,h4,h5,h6
aphanizomenon,0.0005719617217868152,0.000673209488076586,0.00019815371225169326,0.0006959628184642038,0.0008070953652187188,0.006334684891171741,0.0007595868120483498
askenasia,0.0009301355548653223,0.002035727581946571,0.0009478875525188076,0.0006569815657936298,0.0007419686738581022,0.001241052161392651,0.0009074780246233899
asplanchna,0.0009021448739499481,0.003752189445552824,0.005397205752497704,0.0012754158471101399,0.00148317675602145,0.004640694184407129,0.001782916538553064
asterionella,0.0015381849673586653,9.180948004983159e-05,0.00040564500833016387,0.02424380625974746,0.00010529024445782566,0.011271692402559146,0.0004161648290891757
aulacoseira,0.0003336256997820491,0.0018240429912254662,0.0023962416296763956,0.01534138182549444,0.006062556707018387,0.016045445388002733,0.05044979568993886
bosmina,0.00016481149260613487,0.00048421165440153347,0.0006220688754226536,0.00014292221722503863,0.00012745022184710672,0.00014854424486001813,0.0006583400162946739
centric_diatom,0.001423019836939536,0.0019021433921725271,0.0261321352097331,0.011369856099985304,0.0046909158114795315,0.0057141298840829744,0.0008585917325021125
ceratium,0.002662841294100801,0.004403984362998818,0.002871365181922491,0.012587045216080932,0.005863245377033191,0.00430724672700355,0.004496694531458448
chaoborus,2.4914020116362734e-05,4.4121699945041305e-05,3.529844949604403e-05,2.6963557069278953e-05,1.6914397886625216e-05,3.710728280444225e-05,3.243696574103177e-05
chlorophyte,0.16247889395308512,0.04675625080412835,0.14138977309885054,0.08749202067260034,0.03036733694000985,0.07601675411384129,0.10460010706226544
chlorophyte_colonial_dividing,0.23160599146776356,0.08174693927296323,0.04658096240534368,0.0767288241518343,0.049107360075478106,0.07998030872182436,0.033919287659654504
chlorophyte_elongated,0.004951112184636806,0.005646575282697514,0.002136238770320317,0.0019233623967368535,0.000752760876491249,0.011881871760796586,0.0014027484979269157
chlorophyte_frame,0.006488661104204852,0.0008636217041571691,0.0006127194135367588,0.0007117853121627609,0.000645269844767813,0.0037693558324351758,0.00022877133491738778
chlorophyte_square,0.02736998922935924,0.009961282061058794,0.009192810795454018,0.014950405741475619,0.006722515372286415,0.004513999275790582,0.006369043824452562
chroococcales,0.027904183687657604,0.00960582717302765,0.006185383642723133,0.03947556677789896,0.012895111641683476,0.000947502151084595,0.002878891909373197
chydorus,5.6071971682897385e-05,0.0001139044170094869,3.819462987263114e-05,6.728057418205914e-05,9.886550742500158e-06,2.326242981682406e-05,0.0002799569990859517
ciliate,0.00010058152723712522,0.00038984331674421323,0.00037611640026286285,0.00010873995113754015,5.812471661938041e-05,0.00015565555264007112,0.00017391057312551457
ciliate_big,3.4123165680309746e-06,9.825144503883575e-06,4.1977984154106845e-06,5.22645754358392e-06,5.634533133435252e-06,6.318185831411746e-06,1.661647283322255e-05
ciliate_blue,0.005710180201113667,0.009769217829045482,0.005131321394214097,0.004382612581593164,0.002731870614695853,0.0075187959570478516,0.0065087288554272135
ciliate_green,0.0016987032880666037,0.006930641081513566,0.0007900893846949363,0.0006256967402407438,0.0014959452853058166,0.0037978295398930326,0.0009306141026810072
ciliate_round,9.338478289762676e-05,9.21636446582083e-05,0.00073317204788758,0.0005741152692874162,5.98700696525411e-05,0.00030133468482063493,0.0002479688241892364
closterium,0.0020036704388051376,0.017750348902618816,0.0065707083941517735,0.014144561899053663,0.003291347836570721,0.002356937456104845,0.007781043061125809
coelastrum_reticulatum,0.00024474773171054385,0.002918097454669253,0.00020651813412467078,0.011685870989053514,9.066061336861839e-05,5.089901449720842e-05,0.0014647249017460898
coelosphaerium,0.006031027072869141,0.0001189201137620875,0.0001812584955453795,0.014340171265039685,0.0019346995159175802,0.0014534457840258699,0.0007829998761179807
coleps,5.150495282666572e-05,0.00025754420730606507,4.0209635306306004e-05,0.00011570324722750031,2.2336927476409453e-05,1.9444743852172518e-05,9.995480733841528e-05
collotheca,0.0018301357769913945,0.00107911583625451,0.00020694361008458657,0.0010920364785256783,0.00028852157690785224,0.001649593399798732,0.0004081167265869049
conochilus,0.00010581070374902147,0.006633344281887691,0.0015052887888913416,0.0002462634813162297,0.0005471020962942417,0.0005401434384230528,0.0013642134423238574
cosmarium,0.003740167884184977,0.00614507337515026,0.003413419580242029,0.004757606655814895,0.0017120645447211856,0.003436715891227179,0.003064569238492878
cryptophyte,0.12162824193569916,0.13482942146154234,0.2996236369441508,0.09213754695275844,0.053863786078537174,0.19438160074541033,0.2246708621798544
cyanobacteria_colonial_blue,0.025506579598793457,0.02508024078085563,0.0025843986649309305,0.004932134538247648,0.009887835839390636,0.026391325365398347,0.03679343236543899
cyanobacteria_colonial_clathrate,0.00029087663135546256,0.00032173292502437755,3.656691836319126e-05,0.0005398697966017522,0.0002394430418395015,0.0010874636471036676,0.00011305962363047623
cyanobacteria_colonial_probably,0.05825522209567107,0.021903554437217348,0.0032178228273575344,0.08662534755001224,0.01721141478200601,0.0026773350071072526,0.011392280223867525
cyanobacteria_filamentous,0.00023899406867465103,0.00434707017084788,8.851775666206243e-05,0.024800130958201386,0.0001477108846428863,0.006104470851499798,0.00157964983060427
cyclops,0.011386048187801819,0.036835622780198835,0.01907345819045315,0.011866304091980013,0.00814580801063273,0.025084188869792984,0.022307072026889082
daphnia,0.004245024837059347,0.02155107761890753,0.0034677868748271665,0.005552193055401344,0.007459953341141873,0.009220662912951006,0.01784273814667603
daphnia_cucullata,0.00031974428057885974,0.0007979882629568832,0.00015594164824033076,0.0002411059282478181,0.00023796096913897345,2.4894910505978077e-05,0.0013326276887061941
diaphanosoma,0.0013065743067259912,0.001555529481345199,0.0005618138785438044,0.0015558241916630274,0.0006356893224622493,7.270922782513107e-05,0.0021805175710711312
didinium,0.00016441558985508107,9.089283879087099e-05,0.0002739276519676956,0.00014323133655936408,8.067222225858151e-05,0.00013210107896921824,8.072960974859423e-05
dinobryon,0.02900522936707471,0.19333127537192932,0.03873773367056371,0.24296013079143133,0.37139674763984587,0.1351190630789674,0.11018103956499331
dinoflagellate_diamond,6.696644692055378e-05,7.529133262668941e-05,0.005243658261848653,0.00014877519442689952,5.6244535291848606e-05,0.0009053515189944322,0.00029322631582433153
dolichospermum,0.0004929626937615563,0.001530503041650543,0.0007308061146347073,0.008528464648884588,0.00257126960453958,0.0027973329790324988,0.0010607078010305636
eudiaptomus,0.002653670170351262,0.011170935581772365,0.004911632428338832,0.004927368853693496,0.002735995032669794,0.004330245793075625,0.0038543569169222523
fragilaria,0.0037086022433192264,0.001993755461701318,0.00024374906448316767,0.018320994940828703,0.02072944425273813,0.08068892565327698,0.00026272307028281876
gonium,0.0007446076337638332,4.370756560173681e-05,6.754514503598755e-05,0.00019995150256867298,6.416437817073362e-05,0.0010046457892039502,2.454375901806284e-05
gymnodinium,0.005140084633194456,0.002518618093778758,0.013799592761878834,0.004672198165335855,0.0020960721439850015,0.00703793668781704,0.007308633042183382
kellicottia,0.0006351394920782054,0.004122184706665481,0.004722276202574155,0.0017350554136460724,0.0012006310400656478,0.003719913668639425,0.0032912800409818374
keratella_cochlearis,0.0014501965325474872,0.006977614259643901,0.0027720813902168805,0.003666297233898464,0.002937800011417928,0.003879199465133554,0.0022238621050244107
keratella_quadrata,0.0006882919281029102,0.008531043071992735,0.002162589861140652,0.00150394039451958,0.004067644060653211,0.00907569428681772,0.0038302018767470652
leptodora,0.0004101087973768947,0.0002431806289008331,9.291857374978074e-05,0.0001838778529186717,0.0005358920097106338,0.0002873653255601982,0.0007315093443708191
limnoraphis,0.000498282472173764,0.0013010112059686303,7.356463634727243e-05,0.00025942797193941123,0.00011372736922057702,0.0003107246783119907,0.0017725995684067682
mallomonas_akrokomos,0.0022908088014081487,0.008552358084779084,0.007811477987624609,0.0014473164450676864,0.0008853341916678361,0.0019290742342020105,0.001590019417695386
mallomonas_big,0.006447239191059809,0.009877490997338988,0.01416842323706583,0.010648168905979605,0.0035880029357047154,0.008781007260429845,0.009849311795522538
nauplius,0.013031406782345097,0.045044577580861764,0.055557479643044125,0.015636812287189206,0.012961014067310565,0.03352950851917307,0.031936602719010165
oocystaceae,0.13783211639463214,0.03928845346053534,0.02456438246901591,0.025158326524392885,0.012046772913775558,0.013336300400008551,0.12657979308176
pandorina,0.0006443263403597723,0.000758383514519436,0.0006744342005894094,0.0011281066066750887,0.0006560610609111589,0.0025201122226069335,0.0004085109194721547
paradileptus,0.0008757649225376634,0.001046150386257007,0.00025535233359080817,0.002239065034753894,0.0019825206176828205,0.00275490951117247,0.0009272983480622947
pediastrum,0.0006531957273264138,0.001979895666244983,0.00022471314777437637,0.0012752118201947765,0.00018347385906300855,0.0005776428185536737,0.001128145392191116
pennate_diatom,0.002187290385255594,0.00018579732345826115,0.00021117724940824037,0.0013725309623383445,8.575927485893228e-05,0.012760903156032448,0.00013880344802984378
peridinium,0.004914712500765723,0.0015154322304481711,0.004284330802387826,0.0022488493350271335,0.0016911579592759868,0.0029715843826586892,0.001453091630058956
phacotus,0.004265064992525786,0.002545276087149946,0.0009914882862363881,0.0029977488189894355,0.004125723815933921,0.015519597988360088,0.0049054342215404684
plankton_x,1.542243343356874e-05,2.1664439181104557e-05,1.9037835406220513e-05,1.0918068785291346e-05,6.74452638571581e-06,6.291588405233228e-06,1.3010044567764678e-05
plankton_y,0.00040309218865044837,0.0005049517146609976,0.0027440403635674068,0.0009651948820227204,0.00039534774066280154,0.00045771517824869546,0.0007465211505354685
plankton_z,0.0022882720411634204,0.00041222349334299745,0.0008592854188942026,0.00595302803548845,0.0002879594662813019,0.003343867191928397,0.002980472696381723
planktosphaeria,0.00014762146537829074,0.00018368278515537917,0.0002111129710851471,0.0003090479897087189,0.0005149983118375225,0.0008216379811075319,0.0005695746672431645
polyarthra,0.00041776582789479635,0.0025641818801039207,0.003460817166533689,0.0002555646296570751,0.0006673843153531674,0.002921728436160226,0.000896460785094773
protist_like_ciliate,0.007413648184896658,0.007159958096554289,0.008460023671069527,0.008978879456435194,0.002009656177688146,0.00710126751573365,0.013150170745785516
rhodomonas,0.01708966289188699,0.025738029738877777,0.12958718278496398,0.01543504016817291,0.010227233418560099,0.029747025941497033,0.06224716387982497
rotifer,0.014197429469802935,0.089251359008691,0.05896035821161602,0.02003969276315775,0.03333806389716024,0.08406667086891736,0.04179197540496866
rotifer_long,0.00010184869650541762,0.00014982515161566224,9.0414614184751e-05,5.22294036563824e-05,2.1069799227880672e-05,5.500054188108751e-05,3.602290201781184e-05
rotifer_z,6.873308437580606e-05,9.902239283290745e-05,0.00012947282332811464,5.634938341433803e-05,4.68176523665847e-05,6.419804001717056e-05,6.118782069328747e-05
scenedesmus,0.0028995184069115325,0.0021052233962452365,0.0005020562868834985,0.00383658650205047,0.0008004777578367296,0.0011849024302498495,0.0016846395256913116
snowella,7.160531146084541e-05,0.0001501843867648147,5.144281777832521e-05,2.216854696395389e-05,1.3777786466701907e-05,2.3614979857101994e-06,0.00037948923622318245
staurastrum,0.0012213943377603416,0.007156627964860825,0.0020527717506333572,0.003032574077690099,0.0010597937085470982,0.001866381910602157,0.001896032750443727
strombidium,0.0012283358538355286,0.0016693447061467237,0.0025668663515861128,0.0009331522906520585,0.0008163306215659727,0.001973094124773212,0.0012291984305834813
synchaeta,0.00017886180871093686,0.0018118000738213123,0.004245585803719338,0.0022322697429301135,0.0006794613632014312,0.0017737807124115549,0.0015117434788277351
synedra,0.001056297321658469,0.003642209099286794,0.0018622908470997182,0.002724182698536195,0.0017849543491381677,0.0020414470823193628,0.001271520794035638
synedra_angustissima,6.743034210614728e-05,4.1054389516926604e-05,0.0005857499565498912,0.0011303984613490585,7.455034650453663e-05,0.0007329965791405263,0.0004534351979989312
synura,4.003820091077634e-05,0.00023331865222601413,6.318856042053742e-05,0.00045912844071578326,6.406423616722223e-05,0.0001428632799101114,0.00011266488131542807
tetraedron,0.002479332619721251,0.001771125153852328,0.0014437107069963562,0.0021652931820764602,0.00038923070924685624,0.0006266711646626305,0.001644663800943112
tintinnid,0.00023774989828439515,0.000606667954571597,0.0013385888177025274,0.0008163837754059034,0.00027375315957861037,0.0007777679586339132,0.0005726805557529453
trichocerca,0.0013765925182987065,0.0017525589054668447,0.001109875755884406,0.0006411952345554348,0.0008830775020353728,0.0008967824237057528,0.0006936267995128249
uroglena,0.01357189928389049,0.040650495206952623,0.0026842623278847248,0.00958170884424487,0.268152026390992,0.0017533230337464598,0.0008046927906001674
vorticella_epistylis_like,0.0004297880944509715,0.0003784489982343555,0.0012852575413942822,0.000948519268262949,0.0002344663097079303,0.00046766738333427465,0.0003241147054299806
